,0,1,2,3,4,5
1178-7090,1396.27,1540.01,2002.516315789474,1907.4779999999998,2032.1299999999999,
1664-1078,1312.9484108527129,1699.8495433789953,1862.227794676806,1907.7851711026617,2019.5209009009006,1940.037142857143
1929-4409,,,,,,
2041-6695,502.89,409.43111111111114,460.8275000000001,598.9484615384615,448.10600000000005,768.22
1932-6203,1290.6071504307488,1407.9255396711937,1453.800013986014,1441.1113601532566,1588.4978142857142,1719.8584615384611
1927-6052,,,428.04499999999996,,,
1471-2202,1628.8933333333334,1624.2408333333333,1661.8557142857142,1691.18125,1661.24,
1696-2095,,,,107.1,,
1662-5161,1362.8144303797467,1718.7328205128206,1883.8878823529408,1944.5521428571426,2042.4999999999995,1956.0
1438-8871,1728.905,2042.0126315789473,2559.234827586207,2325.6055172413794,2302.54,
1471-2377,1625.239411764706,1635.8126315789475,1640.5555555555557,1668.959,1996.9042857142863,
1477-7525,1729.0873333333334,1670.55625,1613.8830769230772,1670.0388888888888,1675.5666666666668,
2234-943X,1463.1776923076925,1311.926666666667,1729.4950000000003,1792.8958064516128,1946.8067500000002,1856.4933333333338
0278-0240,,,1869.4650000000001,1694.355,1963.0,
2329-0358,834.2900000000002,1122.13,1136.0,1488.49,1819.6533333333334,
1367-2630,1482.1157865168539,1491.4238650306747,1428.113154362416,1525.5502970297032,1498.0113043478261,1237.6
1553-7374,2096.1631372549023,2127.885714285714,2236.3019718309865,2081.1953125,2159.7553333333326,
1923-4031,,,,,,
1029-242X,710.0,,842.0,1231.0,885.36,
1756-0500,958.5992307692309,1004.9006060606062,1031.4039393939393,979.5561111111112,1070.9926666666668,
2193-1801,778.077,969.3482608695648,1105.0,,,
2191-219X,1439.118,1494.9076923076925,1499.15,1526.0740000000003,1789.5957142857146,
1129-2377,,,,,,
1748-717X,1655.92,1676.5681818181815,1620.247142857143,1688.4104545454547,1815.7431818181817,
1746-1596,1644.6699999999998,1690.86,1745.0,1661.24,,
1742-4690,1747.03875,1802.992857142857,1976.06,1885.37,,
1756-3305,1712.3237500000002,1731.9596551724142,1781.3991176470586,1632.752075471698,1803.3250000000003,
1750-1172,1824.627894736842,1836.9658823529412,1876.3791666666668,1846.7941176470588,1915.4550000000002,
1471-2407,1687.6926470588237,1654.4914035087718,1692.5137931034485,1678.8068518518517,1753.7365853658537,
1471-2415,1900.34,1483.336,1651.6314285714286,1682.14,1632.674,
1364-8535,1778.912857142857,1893.9788888888886,2129.599,2091.5944444444444,1934.665,
1471-230X,1661.032,1622.2166666666665,1578.01,1681.8916666666667,1684.818,
1471-244X,1690.2675757575757,1667.0317777777777,1689.98,1643.046285714286,1802.1196153846154,1870.0
1743-422X,1643.4766666666667,1607.0900000000001,1708.6525000000001,1635.4166666666667,1865.9266666666665,
1477-7819,1737.0100000000002,1917.625,2035.1680000000001,2003.96,1837.2116666666668,
1744-9081,1620.47,2001.3933333333332,1800.0,1661.24,,
1472-6882,1604.05,1654.8966666666665,1626.355,1662.6714285714284,1760.8033333333333,
1742-9994,1644.875,1793.986,1728.3359999999998,1747.1775,1787.8457142857144,
2042-8960,,,,,,
2158-3226,1289.7052631578947,1262.3654166666665,1324.9229999999998,1284.8957692307692,1351.3989473684212,
2330-1511,698.105,,824.395,523.325,,
2048-6790,1000.0,1289.99,1475.9450000000002,1184.25,,
1927-0534,,,,,,
1600-0870,1435.5525,1394.7916666666667,1272.9077777777777,1569.3175,1282.1375,
1867-8610,1146.5410714285713,1139.0,,1481.718,,
1664-042X,1066.9037037037037,1840.495263157895,1854.1999038461536,2121.4462111801245,2172.8106122448976,1488.335
1664-462X,1235.7389855072465,1682.5540277777775,1886.9797872340428,2063.016868686869,2237.227323943662,1851.845
1996-1073,1126.118888888889,1097.1273913043478,1325.5834210526318,1193.2341836734695,1360.2624210526315,1685.095
2072-4292,1284.020322580645,1415.588181818182,1387.13825,1314.8244444444445,1365.9467741935484,
1422-0067,1486.3113157894738,1493.8459999999998,1550.2118867924526,1468.7265789473684,1432.7945161290322,1592.0661538461538
1935-2735,1990.2716279069768,2033.0587500000001,2058.899012345679,2056.6656666666668,2132.052391304348,
0941-2948,1734.2566666666667,1534.902,1560.6666666666667,1543.3277777777778,1775.8249999999998,
2160-0368,,,,673.2083333333334,,
2152-7180,710.1700000000001,636.38,687.0,633.0,,
2211-1522,,,773.72,,,
1880-5981,540.84,285.6,900.0,1012.8033333333333,1106.0433333333333,
1471-2296,1708.6033333333332,1627.1699999999998,1565.47625,1723.7700000000002,1610.602,1661.24
2191-0855,1539.7937499999998,1646.2,1676.86125,1735.1133333333335,1541.145,
1471-2180,1554.865294117647,1656.7780769230767,1638.9740000000004,1551.5883333333334,1655.53375,1845.0
1746-6148,1659.4094117647057,1548.7961538461536,1510.862,1540.1308333333334,1714.5385714285712,
1741-7007,2030.7981249999998,2021.9123076923076,2019.666,2270.0723076923077,2163.2628571428572,
1752-4571,1540.172,1789.4475,1788.9115384615384,1556.788888888889,1678.0787500000001,
1684-9981,1173.1299999999999,1434.525,1450.9246153846154,1403.6263636363635,1713.152,
1432-0576,578.7476923076924,345.35249999999996,839.7384210526316,1029.5193749999999,1164.771111111111,
2195-9269,1052.665,1370.88,887.86,,,
1994-0424,1543.8828571428571,1229.1341176470587,1462.9648148148146,1731.2635714285714,1617.1568000000002,
1867-8548,1310.6303125,1559.4985714285715,1521.2696363636364,1589.5811999999999,1634.6602272727273,
1814-9332,1190.2523076923078,1236.035,1755.1660000000002,1704.0529166666665,1580.6626315789472,1438.71
1607-7938,1156.5327777777775,1342.7994999999999,1791.092608695652,1721.9727500000001,1625.1606060606061,2213.4
1424-8220,1664.8833333333334,1620.877288135593,1588.2313829787233,1363.6669158878503,1380.9004098360656,1891.31
2045-2322,1397.2125174825176,1351.7291789473686,1426.0692557150455,1532.4009500805153,1681.6506317204303,1805.2678260869566
1994-0440,1068.6233333333332,1166.5633333333333,891.15,1759.8649999999998,,
1991-962X,1480.57,1476.71,1544.5700000000002,,,
2195-478X,,,,,,
2296-424X,1046.679090909091,1580.7533333333333,1170.83,1529.2228571428573,1862.3400000000001,1928.92
2296-6463,1385.9212499999999,1556.1036363636363,1709.4349999999997,1548.2464000000002,1469.092380952381,
2073-4441,1045.5992307692309,1097.8266666666668,1189.9137777777778,1064.7490322580645,1125.3426153846156,1710.2933333333333
2041-1723,4039.2975373134336,4043.489693251534,3921.2286231884063,4103.136864608076,4196.459417040359,5057.98
0975-2293,,,,,,
0091-6765,,,,,,
2090-4002,527.86,449.36,1036.42,1022.0,1106.0,
1942-0900,1409.88,1466.48,1823.0858333333333,1863.1599999999999,1995.182,2413.13
1094-4087,1787.858111111111,2079.5681578947374,2182.4220143884895,2158.2452040816324,2082.781219512195,
1759-6653,1573.1794736842103,1607.7549999999999,1541.2183333333332,1532.5857142857146,1656.447142857143,
1471-2229,1636.3382608695651,1645.2593749999999,1600.5628571428572,1725.9557142857143,1665.2588888888888,
1471-2458,1728.0310666666667,1590.0176842105263,1649.556956521739,1679.5981111111107,1713.4507142857144,1796.0
1471-2164,1717.768051948052,1677.0149253731342,1667.6960273972602,1678.1338297872346,1668.5783333333331,
2000-8198,1172.521,1285.9575,1435.37,1319.9385714285713,1595.880625,
1662-5153,1391.0338636363638,1713.8378571428573,1978.2603846153845,1979.2552631578951,2084.123333333333,
2160-1836,1671.135,1742.1511111111113,1895.3362499999998,1920.5118181818177,1936.8546153846155,
2090-7427,,,,,,
1314-2488,,,,539.165,779.09,
2168-3832,,,,,,
2164-2818,,,,,,
1944-3277,1597.0175,1600.6860000000001,1749.4479999999999,1619.08,,
1687-1812,,,,,,
1471-2105,1662.037213114754,1589.307333333333,1611.6271111111107,1671.0985185185186,1553.590740740741,
1747-597X,1395.72,1135.1133333333335,1494.78,,1894.48,
1752-1505,1794.78,1429.03,1627.27,1575.605,1684.9299999999998,
1471-2148,1690.1637142857144,1683.4196874999998,1727.6483333333333,1643.9336666666668,1747.0838461538463,
1471-2121,1745.7933333333333,1525.1433333333334,1714.2866666666666,1425.38,,
1471-2431,1696.3772727272728,1677.0627272727272,1697.025,1669.111875,1747.1388888888891,
1472-6785,1661.24,1534.8049999999998,1715.8619999999999,1376.3385714285712,1721.67875,
2166-532X,2014.4524999999999,2230.1683333333335,2177.346666666667,1940.6022222222225,2005.932857142857,
2210-2612,422.56,554.0533333333333,707.48,803.375,868.7,
1662-5129,1426.24,1641.4385714285713,1930.6372727272728,1973.028888888889,2166.206,
1687-9120,,832.83,,,,
2314-6133,1505.7346666666667,1833.0018181818182,1817.592105263158,1915.4715151515152,2101.0849999999996,2201.04
2218-1989,589.76,716.4116666666667,784.7049999999999,666.6,1060.8915384615384,1599.24
2152-7806,179.9,437.53,380.0,,,
2041-4889,2512.96,2469.736,2724.402,2831.943888888889,3198.1150000000002,3772.3
0305-1048,1915.1093396226413,1963.5746846846848,1900.9758598726112,1790.9744318181818,1901.2179999999998,2433.7650000000003
1662-4033,,,,,,
1745-6215,1832.7480769230772,1762.2009374999998,1692.5430645161289,1722.2268965517244,1743.57,1432.0
2041-1480,1600.94375,1712.368,1502.912,1655.3400000000001,1661.24,
1754-9493,1423.76,1504.16,1661.24,1500.26,1741.7633333333333,
1471-2482,1580.4175000000002,1683.0475000000001,1661.2400000000002,1660.8533333333332,1768.2649999999999,
1742-4682,,,,,,
1471-2156,1790.6433333333332,1656.3560000000002,1689.4036363636362,1566.87,1571.3200000000002,
1746-160X,1759.195714285714,1634.165,1752.2766666666666,1653.5639999999999,1719.55,
1472-6750,1616.8425,1823.915,1690.22,1712.1466666666665,1810.5783333333331,
1752-0509,1675.5783333333336,1578.9141666666667,1576.493333333333,1816.1974999999998,1642.05,
1471-2318,1670.699,1766.167,1630.4354545454546,1653.4406666666666,1814.9733333333331,
1478-811X,1993.6080000000002,1947.5514285714287,1806.4333333333334,1579.2733333333333,2242.46,
2047-783X,1871.7784615384621,1899.2400000000002,1899.24,1884.025714285715,1889.351111111111,
2157-6998,,,1054.3600000000001,1453.89,,
2051-817X,1354.9950000000001,1280.2923529411764,1372.6623529411763,1174.6905263157892,1497.4175,
2296-7745,1519.792,1541.6569230769232,1643.2858333333334,1401.0946875,1539.9788888888886,1726.86
1664-302X,1328.9923157894737,1804.3644086021504,1980.3125294117647,2084.2620744680853,2230.667948717949,1934.77
1662-5188,1585.953846153846,1743.1113333333335,2114.82,2058.6014285714286,2480.1366666666668,
1662-6443,1440.0,,,,,
1662-5102,1266.844418604651,1669.9426666666666,1961.8615625,2076.4846000000002,2179.8526923076925,
1664-2295,1195.246875,1365.9785,1610.3506896551726,1848.6444897959184,1994.2963043478264,2006.625
1662-5099,1442.1633333333334,1278.9614285714285,1871.5626666666665,2036.6430952380947,1987.4447826086962,
1664-8021,1081.4651724137932,1415.5400000000002,1475.054375,1508.1196551724138,1939.701875,
1662-5137,1128.8775,1181.9766666666667,1709.444705882353,1606.5666666666666,1876.5675,1726.86
1663-9812,1084.7853846153846,1478.5491666666667,2085.5372413793098,2043.5374999999997,1966.1302272727269,1849.34
1664-3224,1215.9715217391306,1635.4820454545456,1951.7460106382978,2108.379375,2089.5525242718445,1824.6000000000001
1662-5110,1649.7383333333335,1551.813846153846,1917.2923076923075,2148.2966666666666,2188.116,
1662-5196,1649.3580000000002,1811.6025,2066.5392307692305,1997.8338461538465,2208.4816666666666,2742.85
1662-453X,1278.1481395348837,1604.8479166666666,1989.9925714285716,2092.1395454545454,2119.486571428572,2101.5
1663-3563,,1475.385,1654.725,1510.3033333333333,1794.4666666666665,
1757-4676,2806.3218181818183,2899.844,3029.568666666667,2933.9387500000003,3147.84,
1664-0640,1336.66,1598.625,1533.5336666666667,1794.8331034482758,1989.3967164179103,1885.5220000000002
1662-5145,1198.7749999999999,1638.7099999999998,1627.03,1548.0549999999998,880.48,
1553-7404,2119.2755555555555,2132.856101694915,2100.8454117647057,2140.209268292683,2253.9616666666666,
1553-7358,2044.200481927711,2138.4963235294117,2213.029873417722,2177.379245283019,2220.6244,2461.3433333333337
1545-7885,2804.0522222222226,2715.5781818181817,2745.742916666666,2767.1963157894734,2853.9607692307695,
2045-7758,1470.3063333333334,1412.777356321839,1424.0825233644862,1372.9445333333333,1408.0747142857142,1165.01
2162-3279,1713.26,1756.9119999999998,1543.2669230769231,1745.1575,1576.9350000000002,
2045-8827,1509.3333333333333,1572.0955555555556,1601.2355555555557,1790.1609090909092,1745.17,1733.0
2191-1363,,1967.0083333333334,1456.8715384615389,1680.7953846153848,1681.1114285714284,
2296-634X,2031.146,1242.306111111111,1086.310909090909,1377.19875,1697.8754838709676,
1663-4365,1496.088181818182,1874.2112,1877.2953333333337,2067.980357142857,2123.292142857143,
2327-5219,,,291.83000000000004,,,
1556-276X,,,,,,
1471-2350,1622.5,1728.4940000000001,1790.4983333333332,1571.8,1661.24,
1471-2369,1662.3549999999998,1660.8400000000001,1659.857857142857,1658.9466666666667,1664.6966666666667,
1471-2466,1700.0064285714284,1750.6476923076925,1627.4785714285715,1596.8737499999997,1700.9066666666668,
1471-2474,1620.8126086956522,1640.7937096774192,1606.8748936170216,1673.9377083333331,1783.2916129032258,1894.48
1472-6920,1695.051739130435,1708.6725,1609.9690476190478,1621.2515384615385,1686.9276190476191,
1472-6939,1764.3470000000002,1894.8244444444447,1843.252222222222,1736.565,1713.59,1123.36
1472-6963,1683.1578125,1681.8977777777775,1674.7881999999997,1669.1426923076922,1758.6327272727272,
1475-2875,1757.9533333333336,1786.5372413793104,1806.7147368421054,1755.8477083333335,1867.7623529411765,
1476-511X,1705.975,1517.47,1680.215,1844.02,1676.94,
1479-5876,1645.42625,1709.3564285714288,1699.6511111111113,1515.1642857142856,2189.3460000000005,
1532-429X,1555.90625,1638.33,1884.5577777777778,1910.9544444444446,2012.6374999999998,
1742-7622,2347.62,1623.0833333333333,1578.54,1513.7333333333333,,
1749-799X,1830.6871428571428,1899.22,1847.7685714285712,1895.5275000000001,1879.0880000000002,1857.5900000000001
1754-1611,1566.04,1709.8466666666666,1732.64,1660.1000000000001,1756.75,
1757-2215,1351.9099999999999,1498.87,1483.25,,1918.975,
1757-7241,1569.7700000000002,1709.7376923076927,1696.6933333333336,1810.9859999999996,1812.5255555555555,
1759-2208,,,,,,
2047-1440,,1961.68,,,,
2050-2974,1536.9879999999998,1537.5666666666666,1803.6833333333334,1616.27,1661.24,
2162-3619,,1649.7925,,,,
2190-8567,947.5,,1088.855,1248.72,,
1465-6906,2175.3193333333334,,,,,
1297-9686,1381.2350000000001,1399.779,1465.659411764706,1493.7044444444446,1552.3500000000001,
1471-2261,1395.5649999999998,1617.2735714285716,1721.5799999999997,1685.07125,1727.2649999999999,
1471-2288,1780.9022727272727,1689.9973684210527,1710.08,1633.5130000000004,1735.209,
1471-2334,1688.5104166666667,1690.9920930232558,1685.7816129032258,1718.1168421052632,1691.4375,
1471-2393,1712.5590476190478,1655.851724137931,1623.5811538461542,1619.4159523809524,1737.8655000000003,1432.0
1471-2490,1627.92,1571.62,1872.46,,1637.78,
1476-4598,1602.8755555555554,1685.7737499999998,1691.366,1661.24,,
1741-7015,2244.8974999999996,2142.0,2332.755909090909,2258.3272727272724,2355.525555555556,
1743-0003,1518.3066666666666,1730.1975,1706.0439999999999,1840.0871428571427,1843.35375,
1756-8935,1942.2633333333333,1632.2633333333333,1670.8733333333332,1955.4633333333331,2179.11,
2046-4053,1950.0983333333334,1871.3997142857143,1877.9207692307693,1806.6783333333333,1812.9027272727274,
2051-5960,1161.843,1084.9931034482756,1090.0914285714287,1154.4766666666665,1534.0145454545454,
1756-8722,1707.99,1931.58,2083.96,,2003.96,
2044-6055,1893.3349242424244,1649.050853080569,1515.6478326996198,1614.9836991869918,1616.1736428571428,
1740-2522,,,,,,
1534-7362,1743.3965217391303,1763.4296,1741.315925925926,1715.3015151515153,1950.06,1957.9233333333332
1758-7360,,,,,,
1471-213X,1703.7266666666667,1626.4916666666668,1840.4,1619.935,1623.0,
1472-6831,1724.237857142857,1723.1306666666667,1733.3883333333333,1648.155,1709.36375,
1472-6890,1502.18,,,,,
1475-2859,1421.358125,1474.823846153846,1825.2206666666668,1636.7526666666665,1929.5369999999998,
1742-2094,1727.9821428571431,1868.6825,1883.9115384615384,1909.7063157894736,1909.426363636364,
1746-4269,1808.39,1629.04,1750.775,1891.62,,
1746-4811,1648.2649999999999,1568.205,1776.03,1805.748,2060.8050000000003,
1747-1028,,,,2057.53,1785.0,
1747-5341,1351.84,1661.24,1602.915,,1009.12,
1748-7188,1355.4783333333332,1384.08,1608.537142857143,1661.24,,
1749-8090,1687.706666666667,1763.0266666666669,1660.4057142857143,1740.25,1615.542,
1751-0147,1787.9260000000002,1619.449411764706,1678.4363636363635,1671.0738095238096,1781.4700000000003,
1752-1947,830.7627272727273,874.0577777777778,875.6550000000001,1001.03,1062.67,
1866-1955,2172.11,,,,,
2194-3206,,,,,,
1424-2818,844.5099999999999,670.0,726.12,1384.0,776.79,
1420-3049,1677.3705714285716,1497.364782608696,1603.7978723404256,1356.019076923077,1388.9694897959184,1614.695
2071-1050,1050.970869565217,1031.8969444444447,1143.0394285714287,1083.2077011494255,1177.2147150259068,1011.21
1942-0889,763.77,1683.54,791.265,2029.77,,
2155-6105,1116.99,,,,,
2155-9880,,,1415.0,,,
2156-8456,1090.02,,,,,
1726-4189,1284.842894736842,1465.7113157894737,1545.817205882353,1776.101730769231,1778.8414705882353,
1810-6285,1215.767857142857,1211.8225,1305.0,1544.395,,
1814-9359,1284.0420000000001,1099.73,900.0,,,
1913-9071,,325.395,,,275.94,
2141-243X,,,,,,
1949-2553,2483.9534177215182,2588.0820388349516,2909.3854716981136,3086.617692307693,3541.636,
2045-7634,1779.782,1777.3587499999999,1446.8133333333335,1742.61,1644.5775,1581.51
2090-5904,1379.4399999999998,1480.8011764705882,1903.6466666666668,1870.8133333333335,1988.385,
0962-9351,1671.8512500000002,1821.5172727272727,1895.1945454545455,2050.818,1720.122857142857,2238.07
1421-9778,,,,,,
1476-072X,1663.4833333333336,1673.1766666666665,1741.872857142857,1863.58,,
1477-7827,1554.44,1821.6225,1661.24,1725.1,,
1756-9966,1476.49,1638.5466666666664,1775.7849999999999,1785.0,1660.05,
1757-1146,1608.29,,,2121.45,1661.24,
1179-7258,1012.32,1796.5016666666663,1651.2616666666665,1519.9466666666667,1633.8000000000002,
1177-8881,1647.71,981.6,1972.672,1894.2066666666667,1901.62,
0001-5555,1413.125,757.4,1339.5466666666669,1212.7083333333333,1534.25,
1990-2573,440.0,560.0,1424.085,,1436.3366666666668,
1660-4601,1444.546875,1478.81125,1482.243269230769,1265.5821348314607,1348.2531192660547,1641.122
1654-9880,1417.09,,,,,
2161-105X,,,,,,
1680-7324,1418.0020754716984,1687.6914666666664,1694.7543971631205,1680.8561718750002,1512.1209411764705,
1812-0822,931.85,,,,,
2046-1682,,1396.0,,1396.0,,
1471-2172,1661.6,1678.604,1682.1799999999998,1546.1899999999998,1661.24,
1687-8434,,1694.93,1423.3366666666668,1766.15,,
1687-7101,694.76,,,,,
2190-4715,918.2066666666666,,,,,
2328-501X,,,,,,
2152-2197,1085.76,,,,,
2220-9964,154.43,705.1907692307693,786.5881818181817,652.2858823529414,629.8988235294117,830.94
0276-4741,536.16,475.06,,854.24,928.0779999999999,
1949-4998,1180.402,939.35,1196.7833333333333,,,
1996-1944,1314.1157142857141,1313.0896153846154,1352.2984000000004,1220.3377777777778,1262.6875630252102,1521.2216666666666
2073-445X,,259.935,305.76,457.3725,626.3705,
2056-3485,1987.58,2010.2,1461.5566666666666,1847.1375,1712.1525,
2215-017X,,1352.94,1431.675,1647.5466666666664,1104.0,
2227-7102,,271.905,321.5,,574.2786666666667,
2311-2638,,570.365,844.21375,1135.0633333333333,1203.69,
2235-767X,267.75,,,,,
1812-2116,1310.7211764705883,1003.7066666666666,1714.0,,,
2150-8925,1425.8063636363636,1181.8641666666667,1265.2904,1292.3835714285713,1309.0483333333334,
2352-3409,683.2157142857142,385.2150000000001,466.87627906976746,479.7110810810811,504.178,618.8
1694-2493,138.71499999999997,,193.03,261.9,215.683,
1948-6596,223.85,,,,,
2056-9890,169.97875,186.86714285714285,223.38043478260866,242.38299999999998,283.7127272727273,
1925-0754,311.0,,,,,
2051-3933,1853.56,1512.2633333333335,1800.0,1628.1266666666668,1605.5833333333333,
1680-7375,1271.139333333333,1137.9685714285713,1622.0585714285714,2220.5499999999997,,
2191-1991,884.1949999999999,986.848,855.6716666666667,1133.118,1485.02,
1999-4907,890.8227777777779,864.4986666666666,980.8236666666667,971.5494736842105,1311.0941304347825,488.8
1996-0832,,,,,,
2164-5167,,,,,450.0,
1913-9012,,,333.07,,,
1314-4049,,,442.5,1877.714,407.375,
2278-098X,,,,,,
1945-4589,2532.11,2393.7699999999995,2725.079,2976.2975,3312.376666666667,
0144-8463,955.5630000000001,1072.9859999999999,846.932,1155.5859999999998,1393.4099999999999,
1991-637X,,,300.0,511.2,,
2151-4755,915.0,839.1266666666667,,856.77,952.68,
2227-9040,,,,,,
2047-7538,3425.0600000000004,3389.045384615385,3346.471111111111,3096.72,3203.79,3570.0
1600-5368,149.58,,,,,
1943-0655,1201.9466666666667,1344.22,1082.1042857142857,1137.7325,1396.9775,
1687-6075,185.0,,,,,
1687-7195,,,,,1120.17,
1687-9104,,851.64,771.65,,,
2090-5130,,,,,,
1687-7357,174.99,,,,1008.14,
2090-3502,,,,,,
1559-4106,,,,,,
1687-1499,906.2283333333334,1011.6033333333334,1127.8600000000001,1277.8700000000001,1338.22,
1749-8104,2002.618333333333,2010.3333333333333,1734.0975,1926.06,,
2192-0567,775.26,812.3333333333334,834.4733333333334,861.8000000000001,1096.1125,
2192-113X,528.0,,720.1233333333333,698.78,818.72,
2159-3930,1251.879,2044.81,1391.9293333333335,1860.9753846153844,1689.5827777777781,
1662-4548,,,,,,
1999-4893,,189.37,557.0,289.365,764.3828571428572,
1999-5903,,,536.7049999999999,307.03,560.4100000000001,
1424-8247,,627.19,565.8,601.36,752.125,
2155-9821,1632.43,,,,,
2153-1196,,1127.3274999999999,1101.24,,,
2151-481X,,,751.06,,,
2090-4681,,,,,,
1868-6648,,,,,,
1452-3981,500.0,761.345,500.0,,595.0,
1748-9326,1681.2476923076924,1719.4950000000003,1594.0275,1829.7396428571428,1832.0879310344826,2142.0
1467-4866,691.2633333333333,,,,996.1,
1743-8977,1547.2800000000002,1879.8080000000002,1687.033333333333,1765.15,1868.18,
2195-9706,1904.0,,,,1025.865,
2046-1402,793.1583333333333,899.118,697.3321428571429,685.9314999999999,872.5911111111111,551.27
2077-0472,,,455.6775,461.67142857142863,569.5162499999999,
2073-4360,940.44,1227.3266666666668,1205.335652173913,1171.74775,1096.2153488372091,
1600-0889,1242.3681818181817,1620.6,1818.6666666666667,1418.6666666666667,1626.2440000000001,
2192-4880,,,,,,
2198-9281,,,,,,
2160-3308,1639.5583333333332,1938.93,2422.9896875,2916.1474999999996,2786.401818181818,3416.95
1479-5868,2168.2495833333332,1801.79125,2034.5016666666668,2149.0154545454543,2209.552857142857,
1687-2770,346.61,,,,,
1744-8603,1999.8375,1774.034,1669.0376923076922,1650.9872727272727,1690.5999999999997,
1752-4458,,1773.35,1396.0,1593.9599999999998,,
2041-9139,1953.77,1670.08,1876.8020000000001,2152.022,2162.19,
1472-698X,1476.705,1854.38,1369.12,1986.1066666666666,1396.0,
1753-2000,1393.5639999999999,1561.6757142857143,1672.5880000000002,1661.7333333333333,1698.75,
2197-4314,922.24,,,1040.83,,
2348-9804,,611.12,,,,
2296-2565,1915.8975,1105.5566666666664,1616.589,1296.8666666666666,1714.9927272727275,
2163-9434,,,,,,
0161-1712,634.05,,,,,
1868-596X,1986.3428571428572,1987.8644444444444,2218.52,2004.6375,1666.3999999999999,2000.0
1471-2199,1588.4474999999998,1654.745,1432.82,1661.24,,
2050-7283,1661.695714285714,1695.5457142857142,1677.8516666666667,1592.6699999999998,1371.672,
2072-6643,1263.0355555555554,1393.744,1336.692857142857,1353.7391935483872,1488.3188000000002,1898.8050000000003
2213-1582,1357.345,1458.714,1547.671842105263,1709.4422222222227,1900.084,
1687-1847,561.68,,,986.5450000000001,1436.9250000000002,
0887-0446,1397.3,654.56,,,,
2072-6651,1223.4119999999998,1312.03,1311.2199999999998,1141.8195,1339.0836363636363,
2334-2536,1223.1675,1404.8285,2108.4723529411763,2494.7505263157896,2769.4400000000005,
2164-2850,1445.93,,336.815,351.95,,
1465-9921,,,,,,
1471-2253,1645.09,1670.0227272727273,1822.6625,1657.7780000000005,1746.0035,
1472-6807,1468.725,1601.12,1661.24,,1923.31,
1475-2840,2057.55,1827.392857142857,1779.0059999999999,2017.9685714285715,1861.3333333333333,
1476-069X,1601.75,1505.0319999999997,1590.4983333333337,1585.93,,
1477-9560,,1379.21,1661.24,1289.09,,
1710-1492,1661.24,1563.6799999999998,1548.9333333333334,1661.24,,
1749-7922,1456.58,,1661.24,,,
1752-2897,1316.95,1579.64,,,,
1756-6606,1743.2666666666667,1607.078,,1669.0949999999998,1661.425,
1478-6354,1839.0490000000002,2374.6633333333334,,2098.8,,
1465-5411,1594.6,,,,,
1759-8753,1786.42,1634.7150000000001,1745.0,1800.0,1637.75,
2046-0481,1408.96,,1479.3833333333332,,,
1129-2369,1397.6542857142856,1466.8700000000001,,1548.95,1721.3366666666668,
2169-2513,,,,,,
2211-1247,4258.61625,4230.592597402598,4713.15807017544,4782.879807692308,4454.208545454546,
0021-9738,3956.714,3558.5499999999997,4104.924444444445,4193.178666666667,4644.765,
2049-3002,2050.0,1746.6349999999998,1886.48,1899.24,2205.03,
1754-8403,2889.234375,3312.975454545455,3358.586153846154,3573.331333333333,3681.33,
2372-0964,,,,,,
1662-5218,,1710.46,1745.0449999999996,2041.09,1543.1654545454546,
2164-5612,,632.59,,,,
1927-0593,305.16499999999996,,,,,
2214-7829,370.36,1231.9666666666665,1399.87,1267.6225,1847.36,
1687-9627,,,,,,
2090-0023,,,,,,
2090-6668,,,,437.0,,
1741-427X,1122.625,2052.7075,1994.6,,2053.96,
1472-3646,,551.6,1187.66,,1243.9099999999999,
1745-6673,1566.845,1619.954,1773.7600000000002,1686.7666666666667,1796.605,
2040-7378,1517.75,1661.24,,,,
2194-7511,1014.14,,1356.6,1661.24,1704.08,
1178-6930,,2005.54,2377.62,2165.205,,
1660-3397,1525.3116666666665,1703.6,1577.8790000000001,1622.64875,1458.8007692307692,
1999-4915,1372.7084210526316,1373.8409523809523,1325.136,1201.3300000000002,1361.2640425531918,
2159-2535,,982.0,,,,
2157-7579,,,,,,
2325-7075,635.01,,,,,
1708-3087,1100.74125,1096.8457142857144,1008.2046666666666,1172.6929999999998,1128.5654545454547,
2152-7245,853.84,,,,,
2160-049X,,,,,,
1756-0381,1829.1,1572.8925,1587.7666666666667,,1591.55,
1752-153X,,,1370.23,,,
1477-5956,1579.86,,,,,
1745-6150,1764.5175,2017.6919999999998,1857.49,1661.24,1622.86,
1755-8794,1638.1633333333332,1538.25,1602.71,1445.244,1528.62,
1757-5036,,,,,,
1750-0680,672.0,985.8399999999999,990.5833333333334,908.24,,
1471-2091,1501.2033333333331,1608.19,,,1826.55,
1471-2210,,,,,,
1755-8417,,,,,,
1472-6947,1721.77,1637.2068421052631,1703.6484615384616,1670.6466666666665,1700.552857142857,
1744-8069,2120.975,2295.306666666667,2491.4333333333334,2687.16,2162.49,
2042-5783,,,,,,
1755-7682,262.44,,,,,
1478-7954,1666.6166666666668,1672.4366666666665,1666.114,,2076.65,
1742-6405,1561.28,1850.9099999999999,,1734.11,,
2042-1001,,,,,,
2192-2853,,,,,,
2193-9616,,,,,,
1687-6180,1010.7642857142857,1090.98,1057.2925,1011.78,1383.79,
2041-2223,1769.47,,,,,
2044-5040,2757.54,,1872.875,,1754.65,
2195-7045,885.8,899.62,,,,
2213-5766,,536.37,,,567.77,
1471-5945,,1710.8100000000002,,1830.52,,
2077-0375,232.12,,479.19,692.7466666666668,801.378,
2158-2742,889.11,,999.0,,,
2160-8741,776.77,831.435,,,,
2191-5040,1195.095,771.245,,1083.4075,,
2052-1707,1750.4375,1416.605,1521.1566666666668,1460.0,,
1582-1838,2001.915,1860.7683333333334,1744.8925,2430.335,2340.36375,
2169-8287,450.1294117647059,453.8059090909091,611.5678378378378,579.116,,
1110-7243,,,,,,
1687-4757,1395.0,,,,,
2090-0708,,595.0566666666667,908.51,,,
1687-918X,,,,,,
1297-9716,1258.175,1403.9355555555555,1452.2980000000002,1391.8375,1457.51,
1743-7075,1605.335,1604.9099999999999,1743.8500000000001,1725.6499999999999,1899.2400000000002,
2050-6511,1306.99,1564.1066666666666,1678.7699999999998,1661.24,1562.0766666666666,
2193-7532,,,,552.5,575.0,
1755-8166,1718.993333333333,1418.905,,1909.0100000000002,2002.18,
1757-4749,1805.0,1950.732,1870.68,1646.5175,1886.15,
1868-7083,1892.6225,,,,,
2197-425X,1213.325,1228.545,1387.7099999999998,1356.6,1590.435,
2054-3085,1503.35,,1658.1950000000002,1620.084,3619.9799999999996,
2235-2988,940.5244444444444,1715.68,1889.2510416666664,2134.5836363636363,2176.1057142857144,
1664-2392,1022.467391304348,1405.9060000000002,1363.2419047619046,1772.2537499999999,2140.9328571428573,1762.47
2073-4425,525.3860000000001,833.18,804.6464,1039.1303703703704,1277.315625,1510.5
1818-5487,560.0,840.0,961.8675,946.4,1050.0,
1654-661X,,,,2049.53,1990.455,
2038-8306,892.5,,,1012.0,1011.5,
1178-6388,,,,,,
1991-9603,1207.2426666666665,1494.6492307692306,1895.4222222222222,1744.489375,1844.0439130434781,
1916-9760,270.57500000000005,,,263.64,263.92,
2169-8759,,,,,,
2166-3831,375.0,425.74000000000007,421.15,523.6,658.6866666666666,
1110-662X,,,,,1695.81,
2073-4433,626.14,871.72,838.3315384615385,1124.5132,1049.9486956521737,
2162-2000,914.98,985.32,872.46,,,
2168-0450,241.84666666666666,318.58,857.61,734.0,1631.95,
1559-2448,1185.6599999999999,,1107.4,1190.0,1171.9375,
0013-9998,250.0,450.0,350.0,,476.0,
2306-1669,,,,,,
1873-5061,1819.52,683.6,1435.715,1396.98,1026.5418181818184,
2214-109X,3013.11,5067.217142857144,4524.57375,4677.782413793103,4472.681500000001,
1748-670X,1358.5800000000002,2165.4874999999997,1777.1866666666667,1792.32,2027.62,
1472-684X,1699.5771428571427,1642.3424999999997,1509.3572727272729,1696.0216666666668,1678.704166666667,
1750-1326,2037.9239999999998,1812.0,2071.3655555555556,2042.3799999999999,1673.32,
2048-7010,1723.67,1836.6100000000001,2320.56,2023.6149999999998,,
1176-6328,,,,,,
1007-9327,1584.366,2177.69,2109.2549999999997,2316.635,,
2219-2840,1362.32,,,,,
1314-2003,2358.245,843.3549999999999,575.0266666666668,1782.26,1013.8800000000001,
2168-9776,,,,,,
2332-2632,,,,,,
2375-4494,1028.205,,,,,
1948-5182,,802.0,,,,
2167-8359,426.66142857142853,523.1414814814814,899.0609615384615,918.1352777777779,1062.9010256410256,498.13
1940-0829,263.32,229.98,473.62,618.605,680.71,
1936-2625,1357.6566666666668,,1582.0,,,
1861-2121,178.5,,218.01,,,
2160-0473,985.92,,,,627.1,
1945-3116,864.82,905.72,855.92,,,
1931-7573,1297.8166666666666,1363.0733333333333,1117.4518181818182,1055.7849999999999,1521.925,
2156-5570,280.77500000000003,270.045,295.69,,,
2169-3536,1654.4633333333334,1498.5094285714285,1516.1444117647059,1667.0330952380953,1631.5796363636362,1595.84
1618-0747,706.86,289.0,,349.86,,
2352-1791,650.1333333333333,628.075,668.8533333333334,728.4533333333334,,
1751-7915,2190.480833333333,1959.75,1886.6605555555554,1923.07,1912.2666666666667,
2052-2975,1062.50125,779.8666666666667,329.60062500000004,585.3066666666667,,
2211-2863,,,,,,
0893-3952,,3846.15,,,,
2314-8861,1532.7333333333333,1535.6385714285714,1719.3083333333334,1683.96,1940.8200000000002,
1758-2946,1539.7166666666665,1606.49,1505.2963636363636,1518.0555555555557,1774.3259999999998,
1757-6512,1623.0333333333335,1591.6783333333333,1665.0558333333336,1697.052857142857,1766.7375,
0039-8691,438.0,,,,,
2352-0477,,,1247.0,1461.8400000000001,,
2196-0763,1036.3899999999999,1339.87,838.68,,,
2090-1968,,853.0,1142.84,1048.0,,
1476-9255,1604.2233333333334,1799.4533333333336,1713.4233333333334,1694.8,,
2045-7022,1894.3866666666665,1399.5125,1544.14,,,
2047-2382,,1745.7533333333333,1803.73,1808.4950000000001,,
2052-1839,1474.38,,1662.16,,,
2193-2697,,,818.04,,1608.88,
1742-4933,1529.4399999999998,1568.5639999999999,,1661.24,2345.0,
2213-7467,238.0,348.1,1055.0,952.0,1255.0,
0963-6897,,2256.895,2691.64,1620.915,1754.565,
2167-1044,,,1946.1,,,
0974-276X,239.09,2243.33,,,,
2156-8553,,,,,,
1857-7431,,,,,,
2199-188X,,,,,,
2156-8359,,,,,,
2156-7085,1236.6376923076923,1852.49375,1934.8966666666668,2115.1872,1776.9199999999998,
2161-0398,,,,,,
2050-2966,,,,,,
2306-8515,1047.2,,,,,
1942-2466,1729.7333333333336,1600.8000000000002,1510.525714285714,1350.345,1594.4981818181818,
1687-4110,991.49,1490.25,1542.834,1844.7733333333333,1674.84,
1684-9973,200.8125,195.91727272727275,240.10133333333332,252.07000000000002,229.27666666666667,
0025-7974,1399.4014285714286,1565.4195238095238,1572.3225000000002,1563.6613333333335,1735.295,
1929-073X,1932.0,1519.5749999999998,1588.39,1683.1,2004.75,
1617-9625,1184.0,1513.2,,,1999.2,
2196-288X,,565.25,,,,
2213-5979,,1610.0,1610.39,1519.1166666666668,1592.38,
1927-7326,272.75,,,,,
0860-021X,150.0,,,,,
2277-9655,83.975,,,,,
1876-6102,2084.793103448276,,,,,
1613-0073,350.0,,,,,
2075-4701,674.6949999999999,1062.67,898.8614285714285,916.605,1123.4981818181816,
1549-1676,2548.959,2683.1339999999996,2938.4690697674423,2818.4725,2782.062727272727,1929.79
2304-8158,297.0,267.66,436.67625,409.7371428571429,752.7529999999999,
2076-2615,483.94,476.46500000000003,650.0,743.4511111111111,910.4110256410256,1087.3833333333334
2297-6485,150.0,,,,,
2150-7511,2320.3472222222217,2635.8870588235295,2500.8876,2541.6053333333334,2670.7183333333337,
2047-9980,1555.565,1389.9118750000002,1542.623,1560.7018181818182,1813.856923076923,
2155-9562,,,579.53,,,
1178-2234,,,,,,
2046-6390,1387.871875,1448.2493749999999,1465.8383999999999,1439.3474999999999,1416.8242857142857,
2356-6140,707.2633333333333,942.86,,,,
1472-6823,1306.99,1693.2666666666667,1679.72,1636.09,1797.0900000000001,
0976-2191,,,,,,
1949-8470,,,,,,
1177-5483,1632.68,1822.3400000000001,1987.3,,1882.58,
2083-6473,,,,,,
1476-5586,1998.49,2809.5575,2644.94,3402.03,2588.1124999999997,
1474-760X,2213.264,2326.16375,2308.57,2335.273888888889,2268.822857142857,
1756-994X,2297.94,2154.396666666667,2185.76,2145.685,2676.965,
0449-3060,1480.6766666666665,1487.5,1250.0,1187.5,1487.5,
1687-966X,1146.105,1689.288181818182,1982.0344444444443,1908.131666666667,1942.3566666666666,
1475-2867,1785.0,1785.0,,1785.0,1862.42,
2325-4416,599.31,,688.5,,,
2055-5822,1707.16125,1832.6,1951.6,1836.3627272727274,2118.7909090909093,
2352-9067,1570.8,2621.9625,,2955.8266666666664,1982.47,
2090-6943,275.73,,,,,
1664-5464,1297.71,1568.08,934.53,1671.5,1327.4250000000002,
1076-1551,1663.8,1941.1,,,,
2279-9036,476.0,,,,532.495,
2313-6065,595.0,,,,,
2320-0189,617.61,,,,,
2183-3869,59.5,,,,,
2056-6387,2000.0,3300.0,3044.0440000000003,2957.948571428572,1830.025,
2296-4185,1128.73,1379.1525,1693.2542857142857,1569.873125,1771.0057692307694,
2296-701X,1053.495,1511.3781818181815,1518.433125,1522.602105263158,1664.2568,1127.83
2041-7136,1134.66,1105.0,1171.038,,1503.9250000000002,
2211-3207,1559.705,1929.0533333333333,1724.7233333333334,1884.5988888888892,1639.815,
2090-908X,895.15,643.08,,,,
1949-243X,435.46,,,,729.38,
2183-2463,543.78,673.7475,989.29,933.4799999999999,961.4557142857141,
1229-845X,1072.55,,851.08,1496.8899999999999,100.0,
1744-4292,2960.042857142857,2455.903333333333,3149.114,3241.33875,2856.6675,
2328-9503,1820.75625,1603.444,1872.747,1991.7820000000004,2238.490909090909,
1472-6769,,,,,,
1475-4924,,,,,,
1949-8462,805.51,,,,,
1838-7640,1169.27,1433.4275,1878.0200000000002,1799.9160000000004,2039.704444444444,
2165-9370,631.19,377.41,,,,
2348-9820,791.91,,,,,
2373-4426,1086.68,,,,,
2090-1941,845.32,,,,,
1970-7096,278.175,547.5,,,750.0,
1662-6575,779.13,,,866.41,903.23,
2329-7778,1657.98,1984.3,1780.0,1936.62,1776.0057142857145,
2249-782X,171.0,,,,,
2090-6749,324.06,419.5,405.73,,630.425,
1664-5456,1418.7466666666667,,,,,
2296-2646,1176.0925,1684.2025,1563.2144444444446,1583.780384615385,1698.186538461538,2027.47
2296-889X,1204.8144444444445,1662.4450000000002,1616.2810000000002,1330.3228571428572,1622.145,
2296-9144,1079.3133333333333,1534.3139999999999,927.9436363636363,979.8386956521738,922.5642857142857,
2296-858X,1192.1950000000002,1775.37,1470.7133333333334,1456.4216666666669,1599.3516666666665,
2049-0801,642.6724999999999,509.3379999999999,902.9083333333333,931.7850000000001,430.0,
2405-5808,488.66499999999996,,673.0,1689.46,,
1092-9088,496.23,,,,,
2211-5463,1418.4524999999999,1148.8428571428572,1149.6349999999998,1307.755,1309.066,
2365-7154,480.0,,,400.0,,
1929-0748,1936.1899999999998,1920.5300000000002,1837.473846153846,1619.788,1814.4713333333336,
2214-4269,1264.0533333333333,1422.7933333333333,1601.25,,1796.9,
2055-4788,1661.24,,,,,
1662-4025,1515.25,1366.62,1542.8999999999999,1183.1642857142856,1875.3700000000001,
1465-993X,1881.6866666666665,2023.1559999999997,1919.286,1972.5437499999998,2287.8566666666666,
0281-3432,729.185,536.6128571428571,1200.0,1500.0,1148.49,
1178-1998,1885.7533333333333,1868.76,1982.1030000000003,1943.6014285714282,1974.8049999999998,
1756-6614,1504.16,,,,,
2052-6687,1594.6,1642.6100000000001,,,,
1923-8703,298.99,,,,,
1018-9068,100.0,,,,,
1697-2600,400.0,393.39,364.4633333333333,296.695,300.0,
2296-875X,1494.06,1419.8975,1235.71,1218.45,1932.718,
1348-6535,761.41,,,,,
2296-8016,1059.49,1530.9933333333336,1420.674,1608.525,1832.464,
1869-9529,1027.1399999999999,1146.1608333333334,1650.045,1701.7876923076922,2099.210526315789,
1812-0792,967.8720000000001,998.4166666666666,1476.0,1570.335,1405.393076923077,
2214-5818,904.5033333333334,,1640.5050000000003,1824.1419999999998,1550.0,
0926-9851,4401.58,,1625.455,1408.2,1562.67,
1471-2342,1592.4057142857143,1702.4011111111113,1755.4724999999999,1646.4240000000002,1746.24,
2309-0138,423.79,,,,,
1878-9293,1326.1899999999998,1494.0725,1553.4718181818184,1614.0233333333333,1815.69625,
1178-2021,2002.2,2057.1400000000003,1847.04625,1703.1875000000002,1965.2233333333334,
2090-6560,344.86,,,,,
1546-0096,1681.575,1674.7575,1387.845714285714,1661.24,2208.235,
2331-1908,1353.51,942.035,1131.8166666666666,773.0550000000001,1364.2975000000001,
1687-806X,500.0,1059.7,1338.0,,,
2072-6694,713.16,,696.9914285714286,695.4035714285714,1257.0341379310346,2032.2
2328-4277,1314.0,1455.205,1420.721818181818,1241.5874999999999,1319.6225,
1468-6996,1486.2,1185.9180000000001,1194.9857142857143,1066.46,,
2296-598X,1839.95,1511.23,1621.63,1456.4946153846154,1777.4099999999999,
2351-9894,566.67,1428.9433333333334,1313.295,1439.788,1557.5445454545452,1689.8
2162-2531,2279.3333333333335,2847.8175,2821.933,2619.617142857143,2025.3700000000001,
2052-4463,1033.69625,1276.9599999999998,1188.6535999999999,1379.038148148148,1566.0405555555558,
2378-0967,,1382.7875,1353.3125,1741.8919999999998,1813.634,
1758-0463,,1239.5812500000002,1147.79,1397.594285714286,1290.712857142857,
2046-2441,1700.2307692307695,1495.8148571428574,1488.1836842105265,1631.31,1702.7666666666664,
2414-3146,,111.17125,120.26142857142858,135.58700000000002,164.32142857142858,
2375-2548,2005.5321428571428,2590.159130434783,3279.9459493670884,3669.4041509433955,3695.551,4162.95
2052-4897,2581.34,2343.473333333333,1890.61,1649.68,2383.03,
1754-6834,1887.8025,1883.2093333333335,1810.0680769230771,1975.2466666666664,1787.707142857143,
1478-6362,,2098.282857142857,2060.05,2017.0518181818181,2200.23625,
2241-5793,1708.84,2067.63,,1832.6,,
1178-2005,2051.59,1745.5983333333334,1810.0414285714285,1875.76875,2012.455,
1178-2013,1922.4930769230773,2255.095,1814.0318181818182,1869.0300000000002,2493.6,
1869-215X,730.82,1285.8266666666666,1606.5,1790.63,,
2073-4352,568.9,790.3166666666666,855.9672727272726,751.1838461538462,985.4119999999999,
1313-2970,355.1485714285714,754.89375,624.87,658.8411111111111,684.6283333333334,708.05
2224-896X,,173.36,,,,
2045-3701,1406.915,1720.62,,1661.24,1661.24,
2198-5634,598.24,496.13,624.75,,,
1869-9537,942.48,1350.0,1266.12,,,
2352-2143,400.11,,,,,
2165-3852,518.46,,,,,
2010-3689,241.485,,,,,
2164-0386,727.58,,,600.0,,
2327-5073,1247.585,,,,,
2090-8059,651.065,737.39,,,,
2115-7251,467.5825,700.0,816.04,879.2633333333333,1071.0,
1303-2968,1071.0,1451.47,,1595.0,1725.0,
2212-8778,1916.2050000000002,1921.27,2129.871818181818,2282.0946666666664,2320.2000000000003,
2223-7747,296.05,281.18,277.28,,632.6344444444444,
2169-7574,1057.38,1598.1275,1803.163,2185.9825,1868.9475,2418.57
2197-4578,547.5,595.0,597.6175000000001,595.0,595.0,
1472-6874,1569.77875,1600.5033333333333,1641.89,1609.7763636363636,1631.7324999999998,
2045-3329,1382.625,,1802.325,1661.24,,
1939-4551,1856.4499999999998,1698.6599999999999,1785.0,1932.7842857142857,1999.2,
1687-4722,714.0,,1190.0,,,
1750-9378,1733.08,,,,,
0550-3213,174.99,221.66,1320.2,,1008.14,
0370-2693,174.99,221.66,,1170.05,1008.14,
1434-6044,1985.1599999999999,221.66,1320.2,1170.05,1008.14,
1029-8479,640.9399999999999,221.65999999999997,1320.2000000000003,1170.0499999999997,1008.1399999999999,
2296-2360,1208.365,578.44,1392.8780000000002,1753.5107142857141,1847.977619047619,
2193-8636,999.6,,,,,
0953-4180,1490.1499999999999,1355.14,1693.74,,1628.98,
2155-6156,,4071.6,2719.0,,,
2161-4717,,,,,,
2158-3188,3569.312380952381,2813.989,3151.428125,3146.2680555555557,3174.5133333333342,
1687-5281,936.0,928.2,987.22,1015.6700000000001,,
2169-0111,,,,,,
2213-2317,372.71500000000003,1258.115,1774.118,1925.3866666666665,2444.3740000000003,
2164-7860,1006.325,1049.14,,,1168.435,
1757-1693,1798.08,1952.97125,1893.4966666666667,1981.5516666666665,,
1099-4300,1077.5,1229.902,1319.318,1237.5745,1200.9041666666667,
2165-7912,651.37,,,,,
1751-0473,1802.94,,,,1538.25,
2150-4091,,1121.86,1245.79,,,
1347-9032,1806.75,,,,1570.8,
0390-6078,1332.5520000000001,1521.502,1247.2013636363636,1572.2271428571428,1499.5,
1465-542X,2248.1200000000003,2220.8028571428576,2133.5414285714282,1944.18375,2680.7233333333334,
2075-4450,446.91499999999996,,499.36400000000003,491.46000000000004,963.6933333333333,1179.18
2213-6711,2870.6510000000003,3104.435,3378.4160869565226,3208.408823529412,3323.8824999999997,
2156-6976,1228.125,1669.06,1598.0,1744.26,,
1085-3375,524.6388461538461,717.52,902.5125,572.06,,
1336-8052,125.0,300.0,,,,
1176-9343,985.785,1061.8033333333333,1416.03,591.41,,
0065-1583,,,,,,
1475-9276,1632.1414285714286,1648.8125,1763.525,1682.7575,2447.6,
1477-3155,1589.9333333333332,1970.33,1706.2937499999998,1298.5375,1831.71,
1866-1947,2040.5049999999999,2003.762,1795.8379999999997,1708.44,,
0166-0616,1000.0,1210.0,1200.0,1223.3333333333333,,
1680-7359,370.20000000000005,496.0,180.0,270.3954545454545,364.3954545454545,
1083-589X,604.17,,,,,
1015-8987,1676.2833333333335,2179.8125,2455.3711111111106,2310.9100000000003,1785.0,
2218-273X,339.51250000000005,332.6,597.9100000000001,433.63000000000005,962.3626666666667,1467.5966666666666
2075-1729,345.0,497.1,573.4133333333333,868.6299999999999,534.33,
2077-1444,299.315,,345.01,,600.0533333333334,
2197-7909,954.1800000000001,,,,,
2197-7364,1199.25,1136.6333333333334,1403.785,1390.28,1480.0,
0308-1079,1806.0,,,,,
1842-3582,300.0,,,,,
2166-4919,423.99,,,,,
1947-3931,1015.22,,859.2544444444443,917.6666666666666,,
2163-0429,424.44,,,,,
2161-119X,,,,,,
0862-8408,,711.39,640.9433333333333,,,
1876-5254,,,,,,
1874-3250,,,,,,
2045-824X,,,,,753.62,
1537-744X,,,,,,
2090-214X,,,,1047.9,,
2090-1739,,,,,,
1687-8337,,1632.09,1902.18,1866.7,,
2314-6745,1328.015,1331.682,1922.2959999999998,1799.875,1995.095,
2296-665X,1593.0774999999999,1646.886,1315.68875,1689.126818181818,1597.9017391304344,
2332-7812,1773.22,3142.125,2211.616,1847.2833333333335,2659.4275,
2410-5171,247.9,,,,,
2090-1305,830.745,903.42,1068.4,,,
2391-5463,1428.0,,,1815.0,1666.0,
1923-4155,303.28,,,,,
1528-8277,286.99,,,,,
2320-0243,344.42,,,,,
2193-0074,589.05,,,,,
2165-7904,1992.46,,,,,
2380-1646,561.25,,,,,
2197-3644,780.26,,,,,
2352-1872,1381.6399999999999,1272.08,886.15,1332.2,1439.875,
2053-3624,2411.0091666666667,2167.6487500000003,1878.041111111111,1863.6342857142856,1943.914,
1476-0711,1661.24,,,,,
2050-3385,2015.6433333333334,1986.5833333333333,1505.22,,,
1755-1536,1999.243333333333,450.0,,,,
1480-9222,1899.24,1909.56,1849.41,,2345.0,
2393-9060,769.64,97.45,,,,
1916-9728,283.44,,,,,
2372-0980,860.98,,,,,
1439-040X,100.0,150.0,,,,
2055-1169,724.78,,,,,
2356-7708,,878.34,,,,
2072-666X,961.945,866.49,958.762,909.285,1044.555,
2155-9589,1131.0,,,,,
2161-7384,,,,,,
1024-123X,563.3703571428571,2012.4699999999998,1635.5525,,,
2164-2583,,167.5,,,,
2073-4336,,,505.245,,473.88,
2190-4707,842.52,715.785,816.19,981.458,1556.631111111111,
1536-2442,789.0,935.4725,870.0,952.65,,
2381-7313,217.09,,,,,
2055-0928,1676.6100000000001,1700.8,1721.6499999999999,1757.2649999999999,1522.7066666666667,
2052-3211,1615.43,1851.04,,1634.8,1870.0,
1478-4505,1483.0033333333333,1913.2628571428572,1790.2933333333333,1838.4389999999999,1800.19,
1687-8876,,,,,,
1070-3608,,,,,,
1314-7552,,,570.21,,,
1475-2891,1631.875,1867.8999999999999,1729.7675,2020.5033333333329,1708.0233333333333,
1718-7729,,,,,,
2307-0072,,,,,,
2090-6706,,462.02,,505.57,,
1475-925X,1584.8392307692304,1580.2257142857143,1396.0,1635.114,1507.806,
1687-4188,,897.18,975.7166666666666,1039.16,1107.53,
1687-8132,,,,,,
2164-3024,,642.64,,,,
2090-6404,,445.87,,,,
1916-0216,1481.49,1649.49,1656.18,1661.24,,
1744-859X,1761.795,,1837.4,1596.0,2025.82,
2197-2567,400.0,314.2857142857143,320.0,600.0,547.5714285714286,
1687-8140,1686.83,1928.8579999999997,1873.3120000000004,1999.965,1981.345,
2231-0614,124.28,,,,,
1758-9193,1750.52,1549.802857142857,1766.2733333333333,1604.4522222222222,1671.5379999999998,
2192-5372,799.68,842.52,,,915.37,
2330-7803,714.03,,,,,
2050-4527,1377.8166666666666,1192.5939999999998,1344.898,1864.83,1444.775,
2052-4439,2329.6666666666665,2245.995,1834.6528571428573,2083.71625,1956.2416666666668,
1758-2652,2092.75,1809.8,2369.8177777777773,2262.6630769230765,2077.035,
2352-3964,3160.8049999999994,2938.968571428571,2900.5,3274.0266666666666,3012.3015384615383,
2055-1010,3731.1475,1978.1975000000002,1597.8066666666666,1540.7833333333335,,
2324-9269,1506.0333333333335,981.7950000000001,1355.1399999999999,1201.1225,1392.7766666666666,
0160-9289,2023.2,1721.55,,,1808.8,
1369-6513,2632.885,1375.9433333333334,1504.6192857142858,1558.195714285714,1862.9866666666667,
1054-8807,2676.03,,,,,
1000-9361,2699.93,,,,,
2040-1116,2751.55,,,,,
2376-7839,1421.67,2625.7914285714287,1818.0227272727273,2249.04,1710.31,
2058-4601,1009.0,670.44,811.73,703.45,757.765,
2157-9024,2800.0,3796.236666666666,3142.228333333334,3040.37,3063.84,
2162-5786,658.0,,,,,
1848-9575,500.0,,,,,
2090-1984,,,,,,
1916-9663,,,,,,
1357-714X,,715.9533333333334,,,809.35,
1234-1010,,,,,,
1712-8358,,,,,,
1687-6369,,,,1061.43,,
2162-0687,,,,,,
1758-5996,1595.55,2254.8050000000003,1723.12,,,
1874-3129,,,,,,
1179-1608,,,1882.58,1882.58,,
2195-0083,,,,,,
1729-8806,960.0,960.0,,,,
2155-9899,,1907.07,,,,
2090-6382,,,,,,
2090-6986,,,,,,
1687-5893,,903.34,,1056.0,,
1179-5549,,,,1897.38,,
1687-6121,1002.97,1290.315,1481.7649999999999,1838.9699999999998,1833.62,
1423-0143,1415.0,,,,,
2211-2839,,,1606.57,,,
1083-6489,,,,,,
2161-1122,,,,,,
1177-889X,1899.3833333333332,2005.2275,2132.5666666666666,1883.5900000000001,1966.6733333333332,1998.6
2073-4409,511.81,460.0,542.30125,613.8887500000001,1262.5397752808985,1732.484285714286
2062-509X,653.31,514.245,,,,
1420-4096,1642.0,1687.935,1935.9175,2088.9599999999996,1082.8999999999999,
1522-4821,862.57,1915.91,,,,
2379-6375,632.29,,,,,
2314-7326,849.04,,2028.95,,,
2168-975X,1488.355,,,,,
2375-7965,1785.84,,2011.59,,,
1868-7075,1773.792,1933.9225000000004,1858.248,1910.5170000000003,2012.03,
2199-1006,922.0,848.93,,,,
2363-9555,815.62,,,,,
2049-2618,1838.59,1816.532,1667.3369230769229,1832.4527272727273,1913.4099999999999,
1607-7946,1537.075,971.04,1241.76,,1391.8400000000001,
1810-6536,,,,,,
2190-4987,,1329.2,1083.0,1525.3245454545454,1658.6620000000003,
1866-3516,,,,,,
1992-0636,214.0,,238.79333333333332,220.91333333333333,381.82,
2199-3963,138.24,,,,,
2045-5380,2355.35,,,,,
1472-6955,1936.7033333333336,1662.6716666666664,1508.364,1566.574,1814.5149999999999,
1180-4882,1148.5566666666666,1310.9450000000002,1670.11,,1714.7199999999998,
1755-4365,1756.4925,1599.0600000000002,1682.3020000000001,1892.0633333333333,1596.84,
1949-1034,692.25,843.4399999999999,797.2066666666666,1454.0985714285714,,
2044-5385,1734.7857142857142,1425.92,1443.46375,1030.0,1225.7,
2053-9711,,,709.51,,,
1750-2640,,1516.323333333333,1597.055,1942.73,,
2328-5664,,,,,,
2352-8532,1581.33,1650.1866666666665,1448.5575,1596.8033333333333,1584.85,
2213-0586,790.67,,,,,
2051-6673,1868.62,,1192.0,,1622.86,1661.24
2161-1459,1397.13,,,,,
0378-1844,,,,,,
2090-8016,,,,1282.28,1717.03,
1178-623X,,,,,,
2090-5793,,,,,,
1874-0707,,,,,,
2157-9407,,,,,,
1340-2838,462.91,630.0,538.1666666666666,640.22,,
1895-4588,,,530.83,,,
1751-0759,1535.1,,,,,
2164-5213,,,,,,
1911-2025,,362.73,,,371.22,
2162-5336,899.0,941.0916666666667,,892.95,999.0,
1948-9366,,,,,,
2110-5820,,1707.1725,1455.0266666666666,,1848.815,
2325-9671,635.525,931.3,693.8077777777778,746.6274999999999,833.258,
1179-1519,,,,,,
2162-1985,1045.6,,,,,
2055-1029,773.7049999999999,818.36,,692.28,766.24,
1684-5374,344.84,,268.67,263.04,,
2152-7385,675.53,846.28,765.65,822.29,,
2196-1115,894.88,866.3,837.5,927.44,943.86,
2197-1153,1356.6,1394.05,,1172.365,1558.9,
2045-8118,1525.3100000000002,1556.6025,1626.066,1661.24,1894.48,
2047-2994,1612.75,1685.36,1597.4271428571428,1621.965,1589.94,
1930-2126,1015.9983333333333,1135.4433333333334,1204.2220000000002,1197.3633333333335,1427.8625,
1867-4828,763.1333333333333,1065.0,,,,
2198-3844,2573.5699999999997,2856.4066666666663,3803.1133333333337,3353.795,3751.4919999999997,
2076-3417,343.9,591.8779999999999,994.5417500000001,1027.528611111111,1112.0680000000002,1251.69
1026-0226,881.665,1864.87,1014.8333333333334,,,
2158-2440,151.79333333333332,234.22416666666663,359.25666666666666,365.93666666666667,374.14799999999997,
1079-0969,1623.42,,,,,
2049-3258,1500.6499999999999,,,942.69,1765.7633333333333,
2050-7771,,1480.205,1797.1733333333334,,,
2291-5222,1337.6266666666668,1225.69,2299.1781818181817,2540.657647058823,2142.291,2244.635
2073-8994,,659.6666666666666,909.6199999999999,786.6388888888889,1019.26,
2050-0505,840.34,1342.32,1128.97,,1314.59,
2331-2165,447.38,481.59000000000003,766.465,804.8241666666667,889.4242857142857,940.16
2199-1170,,1174.2150000000001,,1535.62,1730.62,
2300-2298,,615.0,758.4375,547.5,595.0,
2320-1770,,62.51,,,,
2352-4847,,1206.27,,1577.44,1951.6,
1552-5783,960.0,1325.38625,1663.056,1564.8470000000002,1792.7555555555555,
0001-4966,,2007.5866666666666,1917.2676923076922,1419.9792307692308,755.946,
2055-1045,1097.98,1083.7849999999999,998.5357142857143,940.0715384615384,1061.9166666666667,
2048-7177,1310.6033333333332,1574.06,1722.7450000000001,1622.3185714285717,,
1474-9718,2011.7916666666667,2017.7955555555554,1948.6499999999999,1667.8614285714286,2166.568,
1461-1457,1819.0,2054.614,1661.0166666666667,1717.6666666666667,,
2291-9694,1544.8366666666668,,1341.075,1484.3,1861.87,
1940-3372,1988.0,1650.3,2854.6475,1599.6625000000001,,
2375-2920,850.0,499.25,,,,
1678-457X,209.42,,,,,
2079-4991,487.05,878.29,955.1057142857143,1118.7162068965515,1192.8265625,1810.23
2052-7276,2000.0,,,,1517.25,
2191-916X,450.0,,1249.5,825.5,,
2352-345X,1785.08,,,1720.0,917.7850000000001,
2320-9798,485.97,,,,,
1550-1329,1887.47,,,,,
2053-4701,1488.24,,487.496,540.1,591.475,
2199-1987,240.38,,,,,
1201-9712,945.8466666666667,1346.3174999999999,1277.1000000000001,1201.296,1093.16,
1828-051X,,300.0,,450.0,533.98,
2194-6434,,525.0,,,,
2253-2218,,1443.0,,,,
2352-5134,,642.0166666666668,,1180.8899999999999,,
1478-4491,1903.0124999999998,1868.3549999999998,2292.4966666666664,1827.6875,2030.915,
0022-1430,,1590.5333333333335,1486.3041666666668,1717.541111111111,1754.17,
2079-4983,1899.24,275.21999999999997,331.94,392.01,748.174,
2059-7908,,2115.4900000000002,3107.4056,3662.9802222222224,2778.269333333333,
2379-5042,1460.16,2317.2275,2729.16125,2536.3991666666666,2405.78875,
2192-8614,,1081.7466666666667,1584.58375,1889.56,1892.3000000000002,
2452-302X,,2676.005,3430.6716666666666,3505.8480000000004,2871.38,
1742-6588,,540.0,,450.0,,
1574-017X,,1136.335,1975.7,1883.225,,
2054-4049,1186.25,1352.0349999999999,1127.5620000000001,1163.3179999999998,1371.25,
1687-5265,,1379.31,,,,
1179-1349,,1747.5,1805.18,1817.7376923076922,1998.0,
2214-6571,,450.98,,,,
1813-7253,,1790.0,1891.7,1855.3049999999998,1594.6433333333334,
1754-6605,,1233.99,,,,
2090-0147,185.0,582.4766666666666,,826.19,,
2092-6413,,2000.0,,2854.605,,
2056-3132,,1659.705,1495.37,1528.62,,
1449-2288,262.03,1328.0,1715.3,1547.31,,
1748-5908,1896.6175,1865.3064285714286,1800.8036363636363,1825.4214285714284,1989.86,
2090-2085,,730.46,822.87,,,
1687-725X,185.0,1379.48,1737.1833333333334,,1981.6100000000001,
1555-8932,,1657.75,,2076.55,,
2391-5412,1500.0,1275.0,,,,
2332-2039,,584.44,1204.44,,725.22,
2073-4344,681.99,854.7566666666667,854.5083333333332,935.661875,1201.9967741935484,1391.3
2376-5992,,708.81,889.64,,,
0891-6640,1000.0,990.6625,815.3366666666666,741.66,1451.1219999999998,
0354-9836,,150.0,,,,
2451-943X,,1932.0,1708.0,1696.74,1452.8633333333335,
2164-0505,,431.4,,1999.2,,
2050-5833,,627.89,,,,
1474-7049,,174.45,,,631.13,719.365
2150-3494,,2197.61,,,,
2169-9682,,473.62,,,,
2332-0761,,465.0,,,,
1477-5751,1108.37,1319.0666666666666,1022.75,,,
2473-9529,,2706.12,2829.8416666666667,1750.72,2756.27,1608.11
2349-6118,,,,,,
2381-8999,,,,,,
2052-9538,1895.4833333333333,1731.6225,1495.905,1564.14,,
2054-3581,1576.76,1542.835,,,,
2042-6410,1895.0,1528.2,2002.9233333333334,2011.766,2065.84,
1715-5312,,,,,,
1743-8462,,,,,,
1471-227X,1589.2,1622.5539999999996,1670.0600000000002,1834.45,1323.28,
1687-9856,1693.97,,1558.71,,,
1476-5926,,,,,,
1687-7969,,,,,,
1746-4358,1558.99,,1813.2150000000001,1539.88,,
1447-056X,,,,,,
1742-4755,1586.04,1440.7345454545455,1665.61375,1781.5820833333335,1816.72,
1550-2783,,1552.04,1434.9699999999998,1661.24,1622.86,
2040-2392,2240.6325,1967.7333333333333,1617.505,1558.82,1768.9875000000002,
2055-7647,2300.48,1842.1466666666668,1709.6728571428573,1578.7099999999998,1474.3100000000002,
1916-9787,,,,,,
0008-428X,369.1166666666666,,,,,
1757-1626,,,,,,
1941-756X,617.775,,,,,
2291-0026,1616.993333333333,,,,,
0820-3946,,,1043.0199999999998,,,
1087-2981,,476.534,2037.28,1999.2,1452.4000000000003,
1179-3201,,1443.96,1590.59,,,
1179-1411,1889.57,1160.1,1561.745,1603.7633333333333,1823.1533333333334,
1179-2698,,,,,,
1178-2390,1541.9975,1080.33,,1798.54,,
2230-522X,,,,,,
2230-2298,982.43,,,,,
2168-7307,,,,,,
2213-2244,,1710.335,1773.94,1945.823333333333,1901.288,1892.1
2214-4420,,,,674.98,666.4,
2352-9008,816.34,803.29,,,,
2214-0271,540.32,,694.825,,975.8,616.31
2379-5824,,,,,,
2379-5832,494.5,,,,,
2297-1769,503.185,1686.2516666666668,1487.4818181818182,1460.8761111111112,1685.3296000000003,
2056-5623,594.16,,650.0,,,1558.5
2378-878X,,,,,,
1687-5990,185.0,,,,,
1687-9740,,,,955.13,1117.91,
1687-7381,,,,,,
1687-1839,,,,,,
1687-5869,1211.27,,1883.805,,2016.175,
1687-8655,,,,,,
1687-952X,,,,,,
1065-514X,,,774.52,,,
2090-3332,,,804.74,,,
2090-1240,,,851.64,,,
2090-4622,,,,,,
2090-0252,,,,,,
2090-505X,,,,,,
2090-2840,,,,,1201.3133333333333,
2090-6803,,362.2,,,,
2090-1429,,707.75,,893.36,903.91,
2090-4606,,,,,,
1687-9260,,734.91,,,,
1687-8450,,,860.0,952.17,1387.44,
2090-2905,,,,,,
1687-8027,730.0,,,,,
2090-0422,814.23,,,,1103.34,
2090-0384,,,,,1378.17,
1687-9201,,,669.265,,,
2090-6684,,,1055.0,,,
1687-9805,185.0,845.17,630.04,,,
1687-8477,,,,,,
1687-7470,,,,,,
2090-6528,,,,,,
2090-9063,185.0,,,,1561.63,
2090-651X,,457.28,,,,
1198-2241,,1834.54,,1584.35,,
2331-4737,860.3700000000001,,,,,
1528-8307,,,,,,
1664-5529,755.0,,,,,
2167-9045,,,,,,
1198-0052,,,,,,
1008-682X,,,,,,
2161-038X,,,,,,
2161-0487,684.41,1309.0,,,,
2329-9096,,,,,,
2155-6148,,2487.93,,1812.3,,
2376-0249,105.83333333333333,,,,,
2155-9627,810.6,,,,,
2167-0870,571.97,,,2856.39,,
1911-2092,,,,,,
0268-1153,,,2571.965,,,
2051-1434,,841.0450000000001,1499.4,1577.0149999999999,1927.12,
1712-9532,1080.45,,,1500.97,1620.26,
1203-6765,,,1494.4,1412.1325,,
2333-794X,,1165.04,,,1554.98,
1925-4059,283.0,258.26,271.94,,,
2162-2434,,,,,,
1687-4153,,564.21,880.6,,,
2036-7902,,,,,,
1865-1380,,,,,,
2331-1886,,1138.24,1252.896,1119.0933333333332,1420.68,
2054-1058,1228.16,1194.18,1311.6950000000002,1352.2566666666667,1451.4950000000001,
2198-994X,,768.0,761.6,761.6,,
2051-3305,1269.13,1090.135,1187.774,,1207.86,
2469-9896,,529.43,586.3,1665.89,1404.4099999999999,
1306-3065,59.0,330.0,,428.38,,
1925-4733,,,,,,
1944-8171,,,,,,
1948-1756,,,,,,
2090-004X,1822.14,2012.5,1742.69,,,
1178-6361,,,,,,
1433-7266,,,,,,
2039-7283,,,433.5,,,
2001-1326,,1508.14,1288.4,1654.85,1466.08,
2160-3855,,,,,,
1472-6815,1574.66,1528.62,1353.0,,,
2164-2745,768.14,,515.14,,,
1941-5923,,855.81,1071.98,1024.135,1026.76,
1687-8728,,,1059.0,1110.73,,
2044-4052,2800.0,,3554.86,3433.0,2005.5,
1449-1907,1295.0,,1440.74,,1458.115,
1687-417X,,528.36,,495.0,,
2295-3159,,,238.0,,,
2157-7595,760.0,,,,,
2090-8083,1081.57,1146.71,1374.5749999999998,1454.9475000000002,,1550.0
1349-2365,1123.68,1882.78,,,,
2373-6437,,,,,,
2090-6862,284.71,,1932.0,,,
2196-064X,1319.3,1039.68,,,,
0033-2615,549.25,,638.62,,,
2405-6502,1659.895,,1997.9800000000002,,,
1662-6567,,717.4666666666666,,748.86,,
2050-0904,,515.1128571428571,641.2066666666667,656.646,719.4733333333334,
2352-5126,,,624.49,,,
1178-203X,,,1906.5783333333336,1946.84,1901.62,1999.2
2072-1439,,902.31,888.88,1183.1866666666667,1568.0425,
1526-9914,,551.1,434.36666666666673,541.45,,
1948-5948,,,1694.56,,,
1179-5441,,,1830.67,,,
2470-1343,,1760.6633333333332,1495.2977272727273,811.5035897435899,747.23775,800.91
2162-2078,,,658.95,,,
1874-3501,,,851.465,,,
1476-7120,1605.1,1660.5900000000001,1816.0,1925.86,,
2190-5991,,1209.04,1389.4283333333333,1990.5525,2215.8500000000004,
2076-3425,552.13,495.82,610.5333333333333,528.035,809.6042857142858,934.72
2504-284X,,,880.6766666666666,845.09,938.3843750000001,
2222-1751,,1011.5,2000.632,2261.48,2080.73,
1533-0346,,,,498.42,,
2334-296X,,,,214.06,,
1865-1372,,1044.47,1229.38,1308.205,,
2193-1127,1103.14,1088.7166666666667,1088.85,1068.795,1035.7,
1179-1322,,,,1787.994,1966.6066666666666,
2058-7392,,,,1465.06,1282.77,
1590-9921,,,,1642.05,,
1581-3207,,833.0,804.8733333333333,702.48,833.0,833.0
2373-2822,1878.965,2077.1012499999997,2257.9876470588238,2176.857272727273,2676.1419999999994,
2050-084X,,,2461.5548039215687,2456.0984615384614,2414.543518518519,
2041-2851,,1875.44,1064.51,1231.14,1011.7825,
2661-8850,,,,,1703.4399999999998,
2521-327X,,,231.52,220.26833333333335,219.0,238.0
2050-5094,,740.3833333333332,689.07,1311.28,1345.1783333333333,1086.0
1940-5901,,1602.505,1769.93,,,
2572-9411,,,1101.3666666666666,,,
0976-8610,,,,1694.56,,
1473-2262,,,87.26,,1017.4325,
2045-8940,,,,1810.58,2090.45,800.0
1674-2818,4345.45,3743.16,,,3439.1,
2090-2867,,855.175,,1029.15,1090.53,1058.72
1755-5914,,,,,,2128.9
2046-3758,909.29,969.5450000000001,1382.95375,1610.7649999999999,1787.88,
0026-3788,,357.0,,,,
2380-2359,,196.35,196.35,197.8033333333333,306.92,
2472-3371,,1671.72,,,,
2352-7714,,1338.27,,1366.52,1027.7,
2076-0817,,569.64,678.71,,952.8508333333333,
2168-9431,,1364.5900000000001,,,,
2349-5219,,110.0,,,,
1759-0914,1739.25,2165.47,,,1678.02,
2332-7251,,215.49,,,,
1179-0652,,1549.0,,,,
2471-139X,,229.8,,,,
1557-5284,356.25,,,,,
2193-0414,955.99,,,,,
1687-9600,541.14,,,971.72,,
1479-7364,1367.25,,1750.75,2193.635,2137.9,
1742-9145,1352.85,,750.0,,,
2352-0264,225.48,,,,,
2314-5080,541.14,,,,,
2090-4924,1380.25,,,,,
2196-7822,996.91,470.88,763.8725,847.9,985.9633333333335,
2378-0231,,358.76,557.6933333333333,272.74,361.11,
1755-263X,1585.5325,1732.605,1271.1028571428571,1079.2649999999999,1278.7125,
2058-7716,1619.7699999999998,1639.467142857143,1562.767142857143,1430.0,1415.19,
1687-8191,,,,,,
1179-2701,,,,,,
2314-4629,,,,,,
2194-7635,,,,,,
2075-4698,,,272.0,,,
1177-9322,,921.66,1906.7,1816.56,,
2057-2085,,342.13,659.65,,,
2319-7692,99.71,94.49,,,,
2331-186X,,956.0325,895.865,949.244,716.3133333333334,
1687-8760,,1135.91,,,1690.93,
1179-1314,,1568.42,,,,
2297-4687,,1610.175,313.0,1034.61,1106.2842857142857,
2331-205X,,719.37,1093.815,950.9766666666668,1441.43,
2052-1847,1996.86,1670.4733333333334,1661.24,,1670.8633333333335,
2475-4706,,1132.78,,,,
2379-3708,,2662.09125,3487.0880952380953,3141.8258823529413,3188.70125,
1478-7547,1732.91,1322.625,1719.065,1695.1866666666667,1678.26,
2214-6237,,856.84,861.18,1009.56,,
2327-9125,,1427.92,1294.9424999999999,2221.483333333333,1747.805,
2049-9957,,547.4,1921.01,1767.264,1704.08,
1837-9664,,1550.3771428571429,1635.445714285714,1810.0825,1722.7075,
1179-5468,,1489.475,,1014.15,,
1654-9716,1402.92,1570.91,1633.6361538461538,1320.5966666666666,1748.4739999999997,
1179-8467,,1882.6,,1882.0,,
2076-328X,,308.9,329.05,446.66499999999996,602.99,818.87
2056-4538,1849.26,,1552.2179999999998,,1747.55,
2055-5784,1748.8,1917.4659999999997,1838.3388888888892,1833.0465000000004,1789.0700000000002,
1477-7517,,,1811.4499999999998,1957.355,2038.19,
1993-8233,,,,,,
1807-5932,,,,1318.22,,
1518-8345,,,,,,
1139-6709,363.0,,,,,
0976-7657,,,,,,
1923-2861,,,507.1,,,
1876-8237,,,,,,
2160-083X,,,,,,
2050-490X,,,,,,
2319-7714,,,,,,
2224-4425,,,,,,
2161-718X,182.03,,,,,
2220-8488,,,,,,
1820-0214,,,,,,
2373-8731,1169.14,,2034.625,2050.605,2034.0,
2214-7624,1540.0,,,,,
2473-733X,1315.23,,,,,
2042-8812,375.0,410.32000000000005,,,368.9,
1347-8613,785.11,,,,,
2001-3078,1178.1,2310.94,1941.84,2379.26,1778.8600000000001,
0066-4804,2000.0,,,,,
1362-4962,2197.3806666666665,2590.7650000000003,2130.0,,,
0042-1138,,1782.93,,,,
2364-8228,,946.05,1117.47,1031.405,1314.975,
1687-8108,185.0,1573.19,1240.3,1284.77,1607.07,
2152-5250,,1574.24,1469.9650000000001,,,
1751-3758,361.6,842.45,,,877.23,
1460-7425,,500.0,1190.0,1095.0,1024.24,
2079-6412,,301.12,624.4711111111111,909.5100000000001,1151.095238095238,
1687-9422,185.0,1310.305,1770.075,1831.0,,
2211-3355,,1112.717,1095.7869999999998,1338.1299999999999,1649.4399999999998,
2213-5960,,408.94250000000005,517.1533333333333,,,
2332-3213,,,,,,
2356-7074,,544.0,,,,
1687-3963,,640.0,718.47,,,
2161-0932,,924.0,,,,
2328-2142,,764.0,740.77,,,
1556-5068,,2876.795,,2449.5975,696.5,
2157-7560,,1487.075,,,,
2297-198X,1265.0,1112.7475,940.5399999999998,1043.89,,
0909-6396,,607.5,607.5,595.0,595.0,
2379-1381,,2027.49,,,,
2159-4465,,855.35,,,,
2373-6372,,900.22,,,,
2214-7500,,1610.0,1480.15,,,
2055-7124,,1661.24,1552.95,,1661.24,
2057-3804,,1661.24,,,,
2296-861X,,1028.0833333333333,1183.0425,961.8866666666667,1353.1975,
2199-8531,,599.04,,549.86,,
2050-7445,986.1566666666666,872.29,851.5842857142859,855.7079999999999,977.5875,
2190-5983,,1030.48,940.1,,1309.0,
2043-7129,,744.0,,,,
1687-9309,,1496.915,,1810.0,,
2183-2803,350.0,911.9424999999999,865.7599999999999,1019.12875,1062.3183333333334,
1654-6628,1523.33,2385.95,2209.3599999999997,1797.11,2293.3,
2332-7685,,1847.66,,,,
2368-7959,,1640.53,1751.5685714285717,1699.1499999999999,1831.155,
1662-0631,,562.49,624.0,,,
1108-7161,,250.0,,,250.0,
1314-3301,,589.05,,619.346,730.12,
1179-1535,,2092.02,,,1882.58,
2051-1426,,1870.68,1888.4650000000001,1775.51,1938.707142857143,
1687-5966,,1570.34,,1546.3,1600.0,
2198-7793,,1190.0,,1190.0,1000.0,
2474-1663,,1939.51,,1839.1,,
2164-2591,,1817.2133333333334,1619.75,1761.9499999999998,1726.8566666666666,
2059-8688,,1463.32,,,1303.74,
2047-2978,975.47,814.3000000000001,4281.280000000001,781.8414814814814,1076.414,
2352-8729,1420.2150000000001,729.6333333333333,1783.5366666666669,1604.9422222222222,1877.06,
2329-0501,2568.5,3580.82,2600.1325,3022.06,,
2291-9279,,1455.52,1546.15,1804.9050000000002,1788.36,
2050-6201,,1750.425,,1422.2375,,
2050-0068,,2479.03,,,,
1927-1212,,605.18,,,,
2053-1095,,1370.88,1029.0249999999999,1217.37,1570.8,
2073-4395,,319.03,551.5799999999999,768.036,878.4193333333334,
2035-8164,,500.0,716.85,749.7,617.25,
2161-1076,,1719.0,,,,
2329-8901,,2122.0,1519.0,,,
2052-6113,,1617.0,1980.1599999999999,1373.81,1757.3233333333335,
1723-8633,,520.0,551.5550000000001,595.0,672.35,
2150-5594,,852.6,618.06,1813.9720000000002,2017.05,
2079-6382,276.0,343.55,273.0,,758.44,
1467-7644,,1849.6566666666668,2457.4811111111107,2246.33,2136.1475,
1330-030X,,300.0,,,,
2052-4986,816.33,849.69,732.34,1369.45,,
2278-8875,,466.74,,,,
2474-3682,,432.43,,,,
2211-3797,544.15,468.08,853.43,881.29,648.4057142857143,
2056-9386,,698.24,,,,
2079-6374,288.0,289.915,301.54499999999996,260.1066666666666,965.39,
2076-3921,,255.07999999999998,475.64,370.6,723.4244444444445,
2046-2069,1625.96,1791.7126666666666,641.9068269230769,676.0069696969697,939.727049180328,
2474-7602,,,603.69,,,
2165-3402,,,906.6,,,
1314-7609,,,330.0,327.25,232.05,
2090-0724,,973.4549999999999,,,,
1687-9368,,655.77,,,,
1179-318X,1470.0,1884.96,1882.58,,,
2514-9245,,139.14,,,,
1945-3094,1138.5,1159.51,934.15,1067.69,,
2161-7570,,642.64,,,,
2169-2718,,638.26,,,,
2164-3059,,638.72,,,,
2161-7325,,865.95,,,,
2363-4715,,642.6,,,,
2090-6889,,431.23,,,,
2373-8065,,3927.0,2868.63,1927.5,2570.0,
2572-9462,,2023.45,,,,
0309-1929,739.01,648.01,,646.98,,
1559-8985,400.0,,,318.55,540.69,
1178-7023,,,,1678.29,,
2041-7314,1100.4099999999999,1495.5033333333333,1432.5966666666666,1633.4375,2019.5040000000001,
0974-7230,,,,,,
2049-1573,,,,,,
2041-9015,384.62,414.09,377.97,,,
2001-0370,499.23,2950.0,736.4833333333332,1562.0,,
2054-2704,655.13,665.5875,677.56,,,
2329-8936,,,,,,
2163-8306,2214.92,2021.07,1961.5542857142857,1864.9975,,
2048-8505,,,1494.44,,,
2049-8128,308.03,,,,,
0197-6729,,,1768.34,1703.8633333333335,1951.34,
1759-2941,,415.25,,,,
2195-0008,,800.0,,,,
1364-0429,367.68,,,,,
2222-6931,,,,,,
2049-1565,123.255,138.62,,122.01,,
2311-052X,,,,,,
1470-3203,,,,,,
2168-6734,990.0,,1303.23,953.5825,1309.6200000000001,
1360-7804,1110.96,,586.4449999999999,682.53,275.19,
1076-2787,2066.57,,1769.8419999999999,1546.5583333333334,2057.475,
0926-2040,3053.995,2976.47,3533.0550000000003,3549.85,2904.93,
2057-3782,586.51,,,,,
2334-265X,3053.3266666666664,,1772.385,2674.09,,
2214-7845,2126.16,,,,,
1868-6958,954.0999999999999,791.49,889.7216666666667,793.2075,,
1897-4287,1578.56,1691.0300000000002,,,,
2047-0525,1955.98,2032.8616666666667,1875.84,1799.2233333333334,,
1750-1164,1846.82,,,,,
2046-7648,2087.06,1636.3400000000001,,,,
1470-7330,1945.7,1661.24,1661.24,1641.8274999999999,1635.6533333333334,
2052-0573,369.85,354.71,,581.4933333333333,,
2230-5254,1915.0,,1525.5,,,
2297-3079,1573.14,1219.74,995.73,971.16,1155.4299999999998,
0894-8569,733.81,,,771.405,,
0567-7920,534.23,,613.09,,166.3,
2193-7680,959.3033333333333,915.69,844.75,891.61,,
2054-7102,119.82,136.85,,,,
2047-6930,315.66,362.065,,,,
1363-5387,1157.34,1582.62,879.135,,2907.25,
2056-5933,1532.02,2003.0149999999999,1904.9066666666668,1552.0033333333333,,
1748-2631,942.8266666666667,1309.3042857142857,1301.498,1381.1433333333332,1316.2350000000001,
2049-6958,1742.53,1517.23,,,,
2297-3362,1559.76,,750.528,898.7040000000001,1345.1666666666667,
2054-703X,1573.35,,1353.98,,,
2046-2530,1977.3033333333333,,,,,
2183-2439,811.5,800.0,831.2,904.4728571428572,978.44,
2352-8273,1237.06,1097.444,1109.4869230769232,1185.3600000000001,1166.3958333333333,
2044-7248,1439.565,1219.07,1160.71,,,
2410-339X,1219.21,,1206.39,,1250.0,
1863-5407,1151.575,,450.0,2225.75,,
2212-0661,1483.745,,,,,
2468-2667,,4657.264999999999,4849.958571428571,5086.0617647058825,5048.432500000001,
2057-3995,,4025.42,2919.6300000000006,2954.085,2889.21,
2049-1115,,3029.567777777778,1999.2,3406.08,,
2379-5077,,2494.785,2496.96,2459.0533333333333,2161.64,
2372-7705,,2345.1,2951.0299999999997,2787.1,,
2328-8957,1625.0,1927.14,2178.2133333333336,2417.23,2301.7944444444447,
2291-2789,,2240.35,,1761.52,1916.69,
2352-5878,,2274.04,2090.21,1786.46,,
2052-4412,,1768.04,2119.18,1921.85,,
2056-7529,,1947.94,2032.645,1805.375,2371.7433333333333,
2056-4724,,1842.396,1678.8085714285714,1795.5518181818181,1690.01,1825.83
2056-5968,1606.655,1830.43,1558.5566666666666,1783.64,,
1555-4309,,1981.43,1182.9566666666667,1280.838181818182,1654.0549999999998,
2054-4774,,2210.535,2265.215,1767.75,1842.3319999999999,
1178-7074,,1686.57,1702.382,1681.9466666666667,,
1179-1470,,1650.84,1318.0,1654.825,,
1939-8425,1929.085,1558.45,1587.4033333333334,1700.9475,1742.685,
2056-5917,,1840.93,1396.0,1538.25,,
2215-0013,442.95,1785.08,,,1403.5700000000002,
2200-6133,,1642.16,1679.23,1667.16,,
0260-3055,,1634.99,1769.975,1538.3880000000001,1732.105,
2397-1789,,1543.42,1820.86,,,
2055-2238,,1292.78,,,1837.2649999999999,
2058-8615,,1427.4,1538.25,,,
1550-1477,1181.17,1331.22,1302.86,2021.22,918.19,
2041-6520,1654.0966666666666,,,1399.49,,
2059-0628,,1382.03,1463.145,1828.634,,
1869-5760,,1394.05,1326.38,1380.4,,
2048-3694,,1439.54,,1909.2533333333333,,
2333-5084,,1402.2,1051.1133333333335,852.245,,
1544-3566,,1141.35,1337.13,1178.92,,
1179-271X,,1430.24,1746.24,,,
2049-3614,984.33,1228.7849999999999,1331.6799999999998,1575.978,2078.056666666667,
2168-6750,,1247.18,,,1988.76,
2405-8440,1353.94,1239.685,1220.9423076923074,1195.7146666666667,1253.6546666666668,1080.0
2058-3273,,1228.0900000000001,,1119.2024999999999,,
1748-1317,1216.05,1139.1550000000002,,,,
2405-8572,,1178.15,,,,
2183-7635,,905.0,817.6475,1003.655,1071.0,
2052-2525,,1076.62,1226.1366666666668,1272.73,1340.5975,
2331-1983,,1090.36,908.68,1603.375,,
2331-1916,,902.6866666666666,1161.955,1182.6924999999999,1206.96,
2451-8654,,1030.39,1076.47,2007.01,1906.9533333333331,
1530-261X,1239.94,887.15,1135.0075,916.51,1038.67,
1536-0121,,1947.25,,1208.55,,
2214-1804,,804.9399999999999,1969.93,,830.97,
2325-1026,,874.51,1423.4475,1301.36,1697.97,
1070-9622,,824.96,1227.0,,,
2090-8105,744.0,819.78,1066.395,,,
1911-4745,,881.6,,,,
2190-8532,,707.58,,,,
2215-0161,,531.17,439.96333333333337,555.29,539.726,
1923-2829,,492.96,,,,
2214-3998,,535.52,,,,
2214-157X,446.0,515.835,490.515,,,
2374-7943,,528.95,998.7700000000001,736.27,889.21,
2168-1376,542.0,402.93,,1502.3249999999998,828.8199999999999,
1757-8981,,461.38,,,,
2333-3936,335.0,389.18666666666667,,209.5,,
2265-4224,,423.14,,,,
2214-2509,359.11,405.89,,399.84,,
2048-4194,,415.46,746.46,748.2750000000002,840.75,
2052-5397,425.365,402.58,,,,
2075-5309,,247.91,309.46000000000004,366.65,531.645,
1994-2060,,560.0,546.84,1113.0,,
2090-2204,,726.0,,668.07,,
2215-0390,440.0,541.18,,636.0,,
2214-7160,498.0,584.12,586.49,478.6775,,
0267-3843,589.0,577.5,616.8333333333334,620.0,688.232,
1874-4346,747.0,,704.9,,,
1179-1543,,1761.26,1210.0,,,
2464-1596,,670.5,1373.0,1304.76,1184.3899999999999,
1916-9744,,578.31,489.0,,,
1687-9147,,,867.0,897.29,,
1542-6416,,1405.5,1804.135,1640.15,1576.5,
2055-8260,,1743.0,,,,
2001-8525,,1667.375,1102.685,1644.37,,
2054-8397,,960.0,800.0,,849.66,
1687-9449,,,1013.0,,,
2212-0963,,,1434.8700000000001,1370.2266666666667,1348.56,
2036-3176,,,1563.6,,,
2452-1094,,,1794.0,1981.54,,
2161-0711,1873.0,,1819.0,,,
1363-4607,,,1822.0,268.67,,
2325-9582,,,2565.0,656.28,666.02,
1314-2828,,,309.8,301.95,381.93,
0046-9580,,,404.0,1010.07,1006.21,
1927-7008,277.21,,416.0,,,
2405-6553,,,449.0,221.25,,
1869-4101,,,841.0,,1274.25,
2509-9280,,,,1201.2466666666667,1328.6733333333332,
2415-6698,,,,178.95,,
2399-3642,,,2000.0,1882.580714285714,2520.451666666667,
2373-2865,,,1674.99,1286.73,,
1749-5016,,,1131.0744444444445,1215.6460000000002,1462.7174999999997,
2510-3636,,,1943.41,1510.75,,
2475-0379,,,,1638.1000000000001,1350.19,
1179-142X,,,,1684.7866666666666,1999.2,
2077-0383,,249.93,596.5133333333333,572.6883333333334,1364.9243956043954,1685.26
1936-5233,,,2403.9233333333336,2043.6466666666668,,1913.52
2471-254X,,,2535.5,2515.34,1608.88,
2000-2297,1643.1499999999999,1659.1825,2310.0,2778.2999999999997,,
2367-7163,,,424.5233333333333,372.91499999999996,403.40999999999997,
1839-9940,,,514.375,419.92,491.37,
2076-2607,,,338.2033333333333,585.902,824.893,1617.95
2057-4991,,,,455.55499999999995,,
1874-6136,,,,572.82,,
1413-8670,,,,600.47,,
1064-7449,,,,657.38,,
2050-3121,,696.89,858.025,794.8199999999999,918.8783333333334,
1609-4069,,,970.06,780.04,826.6899999999999,
2165-7866,,,,531.0,,
2574-3805,,,,2802.248,2944.14125,
2169-3277,,421.0,673.4879999999999,788.25,600.2833333333333,
2245-0157,273.0,276.0,,264.8866666666667,265.086,
1687-7047,,,,835.98,1055.24,
2474-7599,,,,842.26,,
2472-1786,,,660.78,,,
0264-1275,,,,,1840.9185714285718,
2227-7080,,,,292.64,534.23,
2590-048X,,,,,835.1500000000001,
1745-0179,562.52,,698.6666666666666,765.0,,
1530-8669,,,1925.0,1944.6200000000001,1997.0349999999999,
2227-9717,,,281.7,411.63500000000005,859.605,
2332-0885,520.5,199.0,,,,
2468-0249,,,1262.306,1570.9799999999998,,
2405-8521,,,510.3866666666666,613.25,1430.795,
1687-6393,185.0,,,,,
1058-9244,650.04,,,,,
1877-7058,2145.0,,,,,
2212-6090,2570.0,,,,,
1674-7755,2570.0,,,,,
1877-0428,2570.0,,,,,
2352-7110,448.0,,547.5060000000001,505.6085714285714,511.7,
2079-9276,,230.0,239.03,268.37,423.5,
1687-5591,,853.0,818.0,,,
1687-5915,,853.0,,,,
1687-8086,,,1227.0,,,
2504-186X,,,251.0,267.75,255.71333333333337,
2075-1702,,,301.52,279.36,,
2304-6732,,,293.0,256.39,,
2161-1203,,,525.0,,,
1867-0717,,840.0,986.65,1015.0933333333332,1007.4666666666667,
2325-5870,,,,107.5,,
2397-2106,,,,1740.2,1719.15,
1531-1309,,,,1791.0,,
2473-2400,,,,236.0,,
1680-8584,,,340.0,363.0,273.55,
2514-3298,,,,413.98,,
2331-1975,,701.92,1367.35,829.142,,
1548-7733,,,,554.0,630.7,
1942-0730,820.41,,711.33,892.01,,
1943-815X,,,,877.79,876.6,
2468-6026,,,1121.0,,,
2352-2895,,,1424.1133333333335,1535.1,1531.21,
2056-807X,,,1605.0,,2085.01,
1081-4159,,,2438.0,,,
2053-8855,,,426.575,,,
1803-8417,,,75.0,113.05,,
1083-3668,,,,1138.2,1463.6050000000002,1348.92
2292-9495,,,1551.8233333333335,1315.0,,
2398-8835,,,1710.75,1338.0,,
2369-3762,,,,1456.0600000000002,1706.53,
0916-8818,,,,1360.5,,
1650-1977,941.0,,1687.45,1648.0,1626.7366666666667,
2573-041X,,,,200.0,,
2079-7737,289.58,,,427.0,613.65,
1936-9018,,,,439.9,,
2515-690X,,,,507.9,,
2399-6528,,,,798.8226666666669,1046.5714285714287,
2571-581X,,,,731.9283333333334,704.8249999999999,
2053-9517,,,,768.1416666666668,,
2054-5703,,,,1050.8415384615384,1129.7749999999999,
2330-9709,,,,85.4,,
2211-467X,,,,2506.065,1059.64,
2398-3795,,,1066.1275,1367.395,1179.29,
2057-3960,,,1778.2,1560.0,1427.084,
2305-5839,,,,,1263.07,
2644-125X,,,,,1283.27,
0160-4120,,,,,1713.025,
2631-827X,,,,,1582.99,
2474-9842,,,,,1594.205,
1662-811X,,,,,1455.185,
2307-8960,,,,,2128.53,
2050-1161,2278.32,,,1347.04,1348.825,
2075-4663,,,,260.8528571428572,478.701,
2075-4418,,,,512.26,584.395,1326.35
2377-9608,,,,,382.41,
1683-1470,,,480.78,497.0,433.37000000000006,
2590-2911,,,,,437.45,
2076-393X,,293.72,370.48,435.03,843.8199999999999,
2078-2489,,,,,753.34,
2311-5629,,,,,699.5,
2297-900X,,,845.47,876.882,798.018,
2214-7519,,,,928.2,779.37,
2057-1577,,,,1820.1466666666668,1907.02,
1934-7359,,,1133.3333333333333,953.5,,
0717-3458,,,285.0,,,
2075-163X,,,784.4433333333333,903.2314285714285,952.24,
1687-6415,,,,1048.0,,
1058-3912,,,,244.0,,
2075-4442,,,303.19500000000005,280.34375,464.16,
2073-431X,,,,308.0,,
2368-6111,,,381.73,366.0,,
2331-1835,,,1326.52,452.0,,
2158-706X,,573.0,,491.0,,
2076-3263,,,312.53799999999995,445.80125,657.8895652173912,
2151-1950,,,,646.0,,
2576-4500,,,853.6,675.0,,
1750-9548,,,,712.0,,
1023-621X,,,490.8,924.2133333333333,,
1792-9040,,,,90.11764705882354,,
2151-3732,,,562.5,891.76,,
2165-0020,,444.0,659.26,992.8,,
2333-5432,1115.0,,,,,
1179-1357,,1584.0,,1878.0,,
2324-8041,283.61,226.9,,,,
1177-2719,1622.9,,1415.0,,,
1813-5498,,,516.0,,,
2333-7931,,,,575.0,,
2578-0042,,,,894.0,,
2405-6618,,,1802.31,1802.775,1722.2733333333333,
1071-7544,,,1339.6133333333335,1478.98,1734.85,
2641-0397,,,,,1768.11,
2538-7111,,,,,358.11,
1890-4009,,428.108,,,680.44,
1388-2481,,,2837.74,,814.5250000000001,
1875-6883,,,350.0,,850.0,
2057-4347,1338.0,,,,1625.54,
2472-095X,827.0,,,,,
2155-384X,900.0,809.8,2438.05,2320.5,2460.306666666667,
1729-8814,960.0,480.0,,1214.935,982.81,
2049-5471,,360.0,,,,
2394-4986,,374.0,,,,
1178-2048,,,1594.79,,1882.58,
2218-6581,,,323.4,253.67,341.46625,
2380-5544,,,667.0,,,
2212-9790,747.2216666666667,891.216,849.0,,,
2471-2531,,,1686.3625,1762.745,,
1534-7354,,963.65,,1228.885,1265.065,
2473-4039,,,,1691.71,1657.6899999999998,
1479-439X,,,,310.96500000000003,,
2639-5908,,,,,1011.1999999999999,
2398-9238,,,,1162.965,1186.21,1808.8
2352-3646,,,,,1293.31,
2211-6958,,,,,1339.5366666666666,
2624-9367,,,,,1719.6339999999996,1809.58
1847-9375,,,,,249.48,
2590-0889,,,,,559.53,
2414-4088,,,,,843.08,
1331-677X,,,,660.33,907.5,
2155-9546,,,,,,
2374-815X,,,,,,
2314-4149,566.0,,,,,
2006-9855,,123.57,,,,
1601-5223,,1423.92,1357.34,1483.25,,
2047-217X,664.0,1428.09,1539.0900000000001,1575.866,1900.6750000000002,
2472-1212,,1259.0349999999999,,,,
2000-8686,,,1263.815,1557.47,1381.1833333333334,
2141-226X,,,466.17,,,
1559-3258,,,,1474.79,1257.41,
2405-6731,,1334.99,,1577.44,1415.865,
1539-1663,,,,1790.5449999999994,1547.6160000000002,
2575-8314,,,,1537.69,1814.57,
2378-2242,,,2233.0,2161.6349999999998,1824.175,
2590-1389,,,,,2756.56,
2331-1940,1169.0,,,,,
2195-5832,787.0,,,,,
2375-4427,,313.0,,,,
2330-6696,,590.0,519.0,233.2,,
2374-6149,,987.5,1035.7942857142857,946.9466666666667,1007.2049999999999,
1751-8369,,1470.47,1422.0,711.0,,
2002-1518,,1541.98,1955.0,,,
1641-7844,,,2000.0,,,
1348-9585,,,266.0,,,
2300-9969,,,432.5,,297.5,
2312-7996,,,,107.02,,
2399-9772,,,,1357.0628571428572,1095.52,
2090-8865,,,,1310.46,,
2474-7394,,,886.93,788.7760000000001,1037.0114285714285,1058.135
2397-5237,,,,1599.17,,
1918-3178,,,,173.84,,
0006-2294,,,,1950.0,,
1877-4091,,,,1995.0,,
2535-5449,,,,213.74,,
2324-8068,,,,347.68,,
2300-6560,,,,350.0,,
2397-1835,,,376.37,542.2840000000001,424.5983333333333,
2304-6740,,,180.02,367.13250000000005,310.81,
2378-3184,,,,460.14,,
1341-9145,,,,677.0,,
2160-8709,,,,830.33,,
1674-5507,,,,,1195.09,
1553-040X,,,,1565.0,1655.0766666666668,
1523-0430,,542.84,,,1639.6966666666667,1904.0
0026-1165,,,,,1817.77,
2575-1077,,,,2218.9383333333335,2114.782222222222,
2056-3744,,,1623.0,1658.44,2070.056666666667,
2002-3375,,,,,348.94,
1916-4750,,,,,357.22,
2572-1119,,,,,387.51,
1863-0383,,,,,360.485,
2055-298X,,,,,470.97,
1857-6036,,,,,97.06,
1475-6366,,662.0,1492.0,1957.875,1055.0,
1662-680X,,321.0,499.30999999999995,,,
0300-9734,2132.0,,,,,
2366-7451,,,1267.3,1336.3445454545456,1125.978,1724.31
2090-3464,,,1051.08,,,
2405-6324,,,1144.07,,,
2467-981X,,1260.0,980.6033333333334,1517.25,,
2214-0301,,,1521.895,1419.69,1689.8,
2049-9647,,362.74,132.99666666666667,227.05333333333337,336.2033333333334,
1010-4283,,,1545.08,1378.005,,
2077-1312,,,307.48285714285714,271.10999999999996,333.78499999999997,
2375-2467,,,625.43,,,
2090-3170,,,983.52,,,
2468-9122,,,,1241.35,,
1940-0640,,1558.53,1488.96,1265.17,,
1179-1365,,,,1519.16,,
2399-3650,,,,2003.8246153846153,2267.4700000000007,
1476-7961,,,1745.0,1927.2,,
2075-1680,,,,295.6333333333333,277.0,
0022-0027,,,,2645.24,,
1574-7891,,,2788.403333333333,1832.24,2569.985,
2576-098X,,,,670.16,1017.7550000000001,796.95
2524-4426,,,,,1235.7,
2365-421X,,,1170.96,1105.68,1357.2366666666667,
1468-8115,,,,,1636.3585714285714,
2578-4854,,,,,1553.69,1344.7
2472-1972,,,,4450.48,2244.0433333333335,
2054-958X,,,,1661.24,1700.705,
2573-9832,,,,,1887.3100000000002,
2590-1613,,,,,2198.37,
2589-0042,,,,2685.8445454545454,2703.8416666666667,
2590-1400,,,,,3037.38,
2590-1567,,,,,3226.04,
2169-0022,,,,,3404.19,
1999-4923,,,372.0,599.28,908.0335714285713,1675.59
1109-6535,,,,,654.19,
2053-3713,,,,1053.4,973.63,
2090-7710,,642.66,,,,
2090-6781,,224.1,,,,
2356-7570,,672.31,,,,
1913-9039,,367.57,460.08,,,
0917-5040,,302.07,677.52,,,
1990-3839,,519.76,,462.71,,
2366-7621,,,1067.43,,1888.53,
2036-7465,,,714.0,,,
2572-942X,,831.94,1130.4366666666667,,,
2366-5017,,75.0,,,,
2332-8584,,209.32,213.74,194.74,190.96333333333334,
2161-069X,,1915.41,,,,
1314-2607,,340.34,,,,
1422-8599,,211.25,291.0,,,
0971-2119,,,523.6,,,
1833-8119,218.89,,,260.19,,
1178-7031,1271.86,,,1882.0,1999.0,
2325-7458,,400.32,,,,
2090-0902,,483.57,,,,
2332-3205,,183.73,,,,
2090-2123,,900.22,,,,
1179-1578,1361.82,1700.89,1658.0349999999999,2092.02,,
2168-6408,,291.49,,,,
1651-2235,,1615.5,1810.0,,,
1748-7161,,1430.36,,,,
1110-757X,527.4,,688.64,,1069.09,
2214-6474,1249.81,,900.0,,,
2153-1285,,645.09,,,,
2242-3982,449.05000000000007,583.6899999999999,,,,
1752-8550,1312.73,,,,,
2387-4562,,1346.25,1089.66,,,
2199-1154,,,1856.4,,,
1178-6973,,,1825.46,2053.295,2985.99,
2305-6304,,,373.53,,,
1178-7066,,,1673.14,,,
2214-6628,,,,1051.63,,
2193-8997,,,,1552.95,,
0020-2940,,,,,1167.53,
2297-8739,,,,,684.9300000000001,
1934-6344,,,,,1826.305,
1568-4156,,,1773.1866666666665,1684.64,,
2071-0763,,,,,,
2050-4349,,,,,,
2327-171X,,,,,,
1179-1527,,,,1713.99,,
2198-7874,383.88,,,,1048.65,
2352-8737,1966.6399999999999,,,1374.525,,
2049-6060,1221.66,,,1286.95,1081.3500000000001,
2158-284X,890.0,1009.73,,,,
2330-0000,,648.81,755.67,1092.195,,
1330-3651,,,572.5233333333334,500.0,,
2514-1708,,,561.32,271.28,,
1011-2367,,,479.0,,,
2331-4222,,,250.92,242.14,,
2196-632X,,,1326.6783333333333,1467.1675,1744.019090909091,
2193-0864,,,752.2,599.25,,
2079-3197,,,307.475,1039.68,501.925,
2277-9205,,,1625.33,,,
2468-4287,,,547.0,437.0,,
1824-7288,,,376.0,,,
2090-8113,,,650.0,,,
1744-5647,,,583.3666666666667,500.492,564.65,
2167-0412,,,884.0,,,
2168-9296,,,955.0,,,
0146-9428,,,1775.0,1320.42,2015.8,
2225-1154,,,280.31,383.7742857142857,656.7125000000001,
2090-6463,,,425.19,,,
2314-5129,,,638.82,,,
1758-8340,,,1809.4,,,
2378-8038,,,1670.6499999999999,1266.13,,
2509-8012,,,971.04,971.04,,
1090-6924,,,1681.1450000000002,,,
2193-8210,,,1904.0,,,
2475-0263,,,743.75,,,
2381-2052,,,1170.26,,,
2077-1517,,,654.625,1011.0,714.0,
2414-6641,,238.0,272.1666666666667,400.0,,
1757-482X,,,667.79,1017.0,,
1611-4426,,,357.0,,1547.0,
1847-9790,,,622.33,,,
2377-0813,,,1223.92,1463.58,,
2220-1319,,,870.78,,,
2363-9075,,,880.6,686.81,,
2196-5641,,,952.0,,,
2314-4386,,,833.17,729.35,,
0011-393X,,,801.22,,,
1687-9325,,,998.9,,,
2375-3781,,337.62,,,,
1995-8692,,,547.4333333333333,525.9333333333333,530.862,
1927-0518,,,388.25,,,
2475-4455,,,1543.225,1876.94,1723.4966666666667,
0026-1270,,,1767.075,1963.5,1767.15,
2090-3138,,,826.0,,,
0973-1296,495.0,476.575,,,,
2468-3574,,,571.1825,683.56,,
1791-7549,,,574.27,589.85,,
2405-6308,,,1204.5,1340.73,642.6,
2363-7501,,,799.68,932.96,749.7,
1756-2864,,,1855.25,2005.83,2013.2675,
2397-5563,,,397.48,,,
2364-4958,,,1493.45,,,
2327-5952,,,307.02,,,
2151-6200,,,416.5,,,
1676-0611,,,297.35,447.04,,
2055-0340,,,504.56,,530.0,
1916-9647,,,,,,
1876-5343,,,,,,
1687-563X,,,,,,
2046-9063,,,,,,
2325-7105,,,,,,
2210-9838,186.3,,,,,
2328-4900,459.29499999999996,,,,,
2327-4018,485.25,,,,,
1179-7274,,,1906.38,,,
2381-4381,,,231.17,,,
1673-5374,,,1896.11,,,
2474-7556,,,956.07,,,
2538-7138,,,344.555,,663.835,
1804-9699,,,119.0,,,
1684-4769,,,226.1,,,
2076-0825,,,322.49,318.47666666666663,228.37333333333333,1005.37
1472-6793,,,1661.24,,,
2352-5789,,,533.75,,1459.14,
2193-8229,,1999.2,,,1963.0,
1684-1182,,,1026.74,,,
0065-9401,,,3548.77,,,
2100-014X,,,40.0,,,
2475-5451,,,533.41,,,
2090-6765,,,347.705,,583.02,
2161-0460,,,2039.585,,,
2297-2668,,,1010.36,1169.5825,,
1695-2294,,,,242.0,,
2376-0494,,987.54,,,,
1712-6568,,,413.54,,,
0161-0457,,,1668.55,,,
2278-067X,,,181.61,,,
2572-8490,,,896.89,,,
2573-6051,,,1801.35,,,
1937-6871,,,1372.88,,,
1884-4057,,,3075.806666666667,,,
2397-4648,,,1713.2228571428573,1758.872,1427.74,
2327-4352,,,433.57,440.92,,
2048-7703,,,669.29,,,
2161-0703,,,1519.0,,,
2381-9154,,,1254.06,,,
1426-3912,,,119.0,,,
2329-9509,,,245.72,,,
2167-7662,,,2354.5,,,
2472-7245,,,1950.93,,,
2521-3555,,,535.5,756.3,,
2515-2637,,,1098.77,,,
2333-6021,,,218.07,,,
1935-7524,,,559.06,,,
2048-0040,,,1259.23,,571.0,
2040-2295,,,1409.15,1623.68,2012.14,
2476-1303,,,602.09,,,
2391-5447,,,833.0,,1190.0,
1776-1042,900.0,1088.8,1071.0,895.5,,
0300-0605,,,3501.0,,2534.83,
2053-3721,415.5,,269.55,,,
2157-7439,2447.0,,,,,
2155-9929,1691.67,,,,,
2329-8790,1367.0,,1819.0,,,
2210-7177,1352.5,,,,1324.18,
2051-4190,1245.0,,,1674.25,,
1943-8141,1229.87,1828.79,,,,
2332-2403,752.0,,,,,
2153-0645,690.0,,,,,
2252-5211,682.96,,,,,
2161-4954,623.0,,,,,
2073-4468,275.4,,,319.0,177.0,
2328-7659,247.0,,,,,
2161-0444,1226.67,,,,,
1972-2680,202.0,,,357.0,,
2455-8591,1549.0,,,,,
2320-1126,3150.0,,,,,
1687-8558,732.11,,,,,
0042-790X,247.0,,412.5,,511.7,
2037-7460,,,416.5,,,
2160-8830,821.0,,,,,
2381-1943,1561.5,,,,,
2153-0602,1412.67,,,,,
1939-8433,1390.0,,,,,
2165-7920,1105.88,,,2200.99,,
2153-117X,842.13,,794.22,,,
2196-4092,840.0,,719.57,,,
2332-0877,819.92,,,,,
2162-5360,649.33,,,,,
2169-2491,633.4,,,,,
2053-1818,227.5,,,,,
2331-6691,178.0,,,,,
2158-7027,999.0,,,,,
1899-7562,250.0,,302.145,,297.5,
2304-6775,,,,,,
2369-2960,,,1549.635,1453.7066666666667,1060.1875,
2561-326X,,,1361.67,1555.84,1808.1985714285713,
2397-5776,,,1489.87,,1049.66,
2090-2247,,,849.55,,,
2379-6715,,,663.69,,,
2369-1999,,,1528.9866666666667,1584.8174999999999,,
2364-1177,,,,520.0,,
0016-5751,,,,1487.5,,
2076-3298,,,,226.5566666666667,519.9666666666667,
2352-6440,,,814.0550000000001,,714.0,
2059-268X,,,2070.45,,,
1734-1922,,,595.0,1002.92,1900.0,
2366-0066,,,952.0,,761.6,
1179-1403,,,,,,
2090-6447,,,,563.25,498.185,
2214-0085,259.2,,,,,
2056-7189,,,2380.988,2066.5125000000003,,
2157-944X,,,1127.06,,,
2380-2391,1169.14,,,,,
2375-4397,637.31,,,,,
1337-0960,,,,,,
1212-1800,,223.79,,,,
1847-9804,,903.9,,996.97,,
0862-5468,,,348.3333333333333,,,
2041-9414,,,1283.3733333333332,,,
2253-1564,,,1575.4699999999998,,,
2047-2501,,,1297.29,,,
2356-735X,,,490.8,765.86,,
2151-1934,,,1107.85,,,
1939-0114,,,1774.525,,1861.94,
2041-4978,,,377.54499999999996,1398.4875,1233.6333333333332,
1479-9723,,,1107.48,896.8,,
2214-5095,,,,541.0274999999999,,
2375-2696,,,1094.42,871.61,,
1178-7015,,,1510.68,,1882.58,
2168-2372,,,1814.21,1623.8600000000001,,
2379-6227,,,2626.5725,2581.9166666666665,,
2055-074X,,,617.48,,,
1178-6981,,,1438.8400000000001,,,
2050-313X,,,585.6866666666666,398.495,699.0,
1178-7007,,,,2034.1599999999999,,
2058-850X,,,2210.383333333333,,,
2056-7936,,,2953.62,2146.895,2777.67,
2059-7029,,,545.04,,,
2227-9032,,296.0,322.3,,,
1836-1935,,,1778.9,,,
1179-2736,,,840.13,1054.9233333333334,,
1868-6354,,,395.63,,,
2470-9239,,,1096.83,,,
2327-8994,,,,197.41,,
2195-1721,,,673.85,,,
0976-9668,,,533.84,,,
2202-9451,,,125.06,,,
2050-5736,,,,1602.52,,
2054-7072,,,1573.47,,,
2054-9040,,,1587.72,,,
2053-8790,,,1940.14,1107.68,,
2213-0071,,,441.16999999999996,,,
2297-055X,,,1604.86,1059.6616666666666,1603.8822222222223,1900.48
1687-9503,,,,1006.9,,
2356-7872,,,623.29,,,
1687-8787,,,1076.1,1112.44,,
1869-6953,,,5700.2,2732.55,3006.46,
2471-3864,,,1026.7715384615385,,514.39,
2397-7132,,,2428.6475,2616.0,,
1176-2322,,,1215.7024999999999,1195.95,,
2090-8040,,,1070.31,,,
2221-3759,,,267.49,288.7375,,
2056-7944,,,3117.8675,,,
2374-4677,,,2555.0,2145.31,,
2059-0105,,,2959.568,2895.228,1475.6,
2090-2727,,,786.4300000000001,,,
1176-9351,,,1544.05,,,
2513-9304,,,,471.36,,
1793-5458,,,579.11,,,
2405-8807,,,963.2966666666667,942.51,,
2157-6564,,,1398.74,1304.25,1303.99,
2054-4251,,,1451.34,,,
2575-1433,,,3392.97,3423.09,,
2331-1932,,,,605.5550000000001,,
2212-6082,,,3989.64,,,
1748-1325,,,,514.6949999999999,,
2054-8923,,,1116.95,1630.3,,
2365-7464,,,1107.47,1298.04,1161.44,
2472-1751,,,1843.12,,1740.3419999999999,
1747-0161,,,273.72,,,
2381-5299,,,796.17,,,
1413-7852,,,628.13,,,
2381-0750,,,286.31,,,
2476-1869,,,676.44,,,
1758-2008,,,519.0,,,
2198-4115,,,826.0,,,
1874-9445,,,800.0,1045.81,,
2227-7382,,,350.0,,418.975,
2415-6450,,,225.0,,,
2161-0436,,,2254.9,,,
2576-4497,,,448.0,,,
2377-4290,,,699.0,,,
1756-2848,,,1689.73,,,
2213-3232,,,448.53,,,
2475-5761,,,1565.2,,,
2329-891X,,,1289.12,,,
2164-7682,,,90.56,,,
2372-0484,,,300.0,,,
2161-6728,,,599.0,,,
2242-1300,,,333.3333333333333,1092.0,666.4,
2510-523X,,,645.75,,2097.2,
1875-0281,,,750.0,404.6,795.0725,
2055-091X,,,310.04,,,
1989-1806,,,500.0,,,
2279-7254,,,420.0,334.0,355.43333333333334,
2162-6359,,,719.0,,,
2391-5471,,,200.0,,1190.0,
2083-8492,,,512.5,485.75,1178.1,
2375-1657,,,142.31,,,
1809-127X,,,30.94,109.14,,
2347-565X,,,,109.0,,
2306-7381,,,,320.95,,
2311-7710,,,,87.31,,
2052-4374,,,,1661.24,,
1745-3674,,,,1978.38,,
2055-5660,,,,1396.0,1493.0533333333333,
1230-1388,,,,165.83,,
1699-5848,,,,1249.5,1000.0,
2227-7390,,,,270.235,684.9425,
2451-9936,,,,794.4900000000001,,
2333-3928,,,,1146.34,997.22,
2206-3552,,,,580.9733333333332,,
1937-8688,,,,183.9,191.54,
2055-2173,,,,1243.46,,
2090-1402,,,,1234.65,,
2369-2529,,,,1664.95,2022.94,
2397-3269,,,,1795.84,1847.4450000000002,
2330-4243,,,484.61,,,
1305-8215,,,1092.39,,500.0,
1936-6426,,,,1356.6,1761.0,
2297-6477,,,,322.51,,
2515-3080,,,,271.83,,
2306-5354,,,,248.93999999999997,471.1333333333334,
2299-8993,,,,142.8,,
2032-6653,,,,237.6,255.87666666666667,
2185-0992,,,,284.42,,
2226-4310,,,,382.067,557.6423529411765,
1848-4069,,,,358.25,,
2514-2119,,,,456.1066666666666,485.31,
1883-8022,,,,993.97,,
1687-6261,,,,1025.07,,
0587-4254,,,,1170.05,1008.14,
2473-2877,,,,1269.65,,
2146-4553,,,,473.62999999999994,,
2231-0843,,,,,,
1220-1766,,450.0,,,,
2153-3539,,191.0,,,,
2159-5275,,,299.02,,,
2092-6782,,,605.23,827.3,,
2471-8041,,,1331.61,,,
2364-7108,,,116.62,116.62,,
2168-1562,,,,432.58,,
2055-7094,,,,1994.45,,
2090-6722,,,,447.47,,
2062-8633,,,,549.0,714.0,
1844-9166,,,,161.0,209.99,
2365-029X,,,,402.22,,
1179-9927,,,,1434.15,,
2194-7619,,,,1598.05,,
2451-8301,,,,1618.72,1453.3999999999999,
1988-5202,,,200.0,243.48000000000002,225.33333333333334,
2053-7565,,,,1516.04,,
2212-6570,,,,1787.77,,
2397-4621,,,,2524.6875,,
2079-6439,,,,286.565,286.9433333333333,
2197-3768,,,,1255.45,,
2161-6256,,,499.14,,,
0974-5750,,,580.8,,,
2333-6633,,,1736.04,,,
1874-091X,,,800.0,,,
1557-9883,,,,,934.34,
2475-2991,,,,2297.9966666666664,2532.32,
2296-987X,,,,979.87,673.98,
2305-6320,,,,182.14,274.69,
0353-8109,,,,416.5,,
2062-5871,,495.0,,465.88250000000005,900.7933333333334,
2573-3370,,,,1990.8,735.27,
2304-6767,,,,301.09666666666664,533.61,
1874-2106,,,,988.09,,
2058-6345,,,,1661.24,,
1178-6957,,,,1730.9866666666667,,
2330-7412,,,200.18,,,
0037-9409,,,500.0,,,
2169-0510,,,554.26,,,
0102-695X,,,276.0,,,
2073-106X,,,200.0,,401.48,
1874-1231,,,704.0,,,
1852-4249,,,192.7,,,
2297-8747,,,270.69,,,
1996-0808,,,463.27,,,
2375-1665,,,,102.59,429.16999999999996,
2081-6936,,,,1785.0,1785.0,
1178-7058,,,,2092.02,,
2577-1914,,,424.0,,,
2039-2117,,,,238.0,,
2197-1927,,,,958.075,,
2161-6817,,,637.0,,,
2169-9739,,,139.0,,,
1017-7825,,,1026.0,,,
2378-5756,,,1918.0,,,
2624-8549,,,,,812.0,
2504-5377,,,,,573.11,
1993-2820,,,,,2052.0,
1528-2651,,,,,2159.0,
2155-952X,,,,,,
2090-2743,,,,,,
2150-8402,,,,,,
2072-1315,,1264.0,1537.6,1767.38,,
1528-2635,,,,366.0,,
2300-8725,,,,902.8,,
2077-429X,,,,512.4,,
2576-1994,,,,303.28,,
2410-3403,,,,1320.9524999999999,,
1875-399X,,,,913.15,,
2624-893X,,,,1327.7133333333334,1183.1675,
2330-8559,,,,467.74,,
2314-4904,,,,1057.18,,
2198-0926,,,,800.0,963.6,
2578-3025,,,,604.42,,
1897-1695,,,1190.0,,,
2313-0105,,,,,287.90500000000003,
2305-7084,,,,,813.6,
2504-477X,,,,,811.6,
2055-7159,,,,538.8,588.52,
2234-2400,,,,361.05,,
2199-9090,,,,190.4,999.6666666666666,
2090-2824,,,,1042.03,,
1678-9199,,,,1661.24,,
2517-7427,,,,349.05,,
2288-8586,,,,1790.95,,
2399-908X,,,,860.5,,
2356-7759,,,,732.31,,
2468-4481,,,,511.7,,
2397-3722,,,,2180.0,,
2297-9239,,,,515.0,,
2356-6752,,,,783.0,,
2261-236X,,,,68.58,100.83,
2071-789X,,,,444.5,,
2081-7452,,,,285.75,,
1212-1819,,,,254.0,,
1734-154X,,,,965.0,,
1842-4309,,,,254.0,,
1678-2674,,,,493.095,,
2079-9292,,,,272.69,1013.9300000000001,
2391-5455,,,,1190.0,,
1756-8277,,,,607.28,1202.44,
2035-8377,,,,714.0,,
2356-7651,,,,788.22,,
2399-3669,,,,1953.8111111111111,2155.325,
1989-8649,,,840.0,898.1566666666668,1375.71,
1438-387X,,,,2290.0,,
1366-9516,,,,,1815.3600000000001,
2514-4820,,,,1108.1733333333334,877.958,
0013-1881,,,,2308.0,,
2213-0489,,,,454.11,,
2300-6579,,,500.0,605.0,500.0,
2331-2041,,,,843.0866666666666,,
2624-909X,,,,1785.28,685.84,
2626-8493,,,,345.1,,
2160-8407,,,,,,
2155-9872,,,,,,
1918-7203,,,,,,
2514-183X,,,618.74,,,
2451-9944,,,,1280.32,,
2364-9534,,,,1929.55,,
1865-1542,,,,147.24,150.0,
2590-0064,,,,,3073.22,
1941-8264,,,,,1576.13,
1927-5269,,,,,369.55,
1999-3110,,,,904.4,1830.52,
1479-4411,,,,333.1,,
2227-9067,,,,,552.2625,
2512-9465,,,,,263.49,
2574-2558,,,,1389.94,,
2297-7775,,,,432.34,883.9766666666668,
2013-6374,,,,,263.525,
2090-6420,,,,412.75,,
2195-7819,,,,913.92,,
2397-7523,,,1661.24,,1589.94,
2309-608X,,,,,545.0133333333333,
2079-3200,,,,,411.565,
2076-0787,,,,,547.73,
1863-2521,,,,,1785.0,
2410-3896,,,,,547.73,
1177-8903,,,1758.0,,,
1865-7923,,,,360.0,,
2399-9101,,,,409.64,,
2347-5471,,,,131.23,,
2396-7307,,,,309.22,,
2573-8240,,,,,772.03,
2301-251X,,,,,528.75,
2333-8334,,,,171.0,,
2327-588X,,,,214.0,,
2399-4908,,,,1361.98,1325.125,
2329-6836,,,,862.0,,
2311-5637,,,,1311.92,540.62,
2575-1220,,,842.65,,,
2424-8606,,,576.55,,,
2157-9644,,,776.13,,,
2212-0947,,,1330.5,,,
1918-722X,,,,339.0,,
1938-7849,,,,635.63,,
2471-9625,,,,1250.06,,
2162-5972,,,,,,
2001-6689,,1200.0,,,,
2055-5008,,1250.0,,2171.94,,
1846-579X,,,400.0,,,
1010-660X,,,,,1028.0,737.38
0300-3604,,,,,62.0,
2641-5275,,,,,632.5,
2398-6352,,,,2478.545,1332.3625000000002,
2520-1026,,,,1481.56,,
1179-299X,,,,1897.38,,
2054-4200,,,,2536.17,,
2312-0541,,,,908.52,,
2211-7539,,,,481.71,464.1,
2287-965X,,,,2433.8,,
1894-4647,,,,,576.89,
2076-0760,,,,,635.732,
1044-1549,,,,,931.21,
1213-8118,,369.89250000000004,380.31333333333333,388.42125,,
1233-9687,,255.64,,,,
2167-0420,,560.88,,,,
1993-078X,,314.94,,453.48,,
2470-6086,,821.64,,,,
1230-0322,,363.0,,,,
1846-9558,,544.615,,545.04,,
0172-780X,,1135.1666666666667,1145.9144444444446,1520.4650000000001,,
1643-8698,,1315.23,1427.09,1301.98,,
1802-9973,,509.40333333333336,433.41499999999996,757.085,,
1107-0625,,377.53999999999996,,,,
1805-9511,,,193.12,193.35,,
1428-2526,,,153.33,,238.0,
1732-6729,,,155.43,,,
1339-4584,,,170.0,170.63,,
1643-3750,,,2045.51,,2035.72,
2300-8822,,,287.99,,,
1592-9558,,,305.76,,,
2353-5288,,,306.45,,,
0015-5500,,,432.83,,,
1341-1098,,,,773.98,,
1899-1955,,,,211.9,,
1840-4812,,,,533.74,,
1899-5276,,,,362.96,,
0717-6287,,,,2206.05,,
1076-0296,,,,1022.57,,
2296-9705,,,,823.27,,
1590-8577,,,,2362.73,,
1213-2101,,,,19.28,,
2474-8846,,,,1545.71,,
2052-6156,,,,1152.93,,
2169-2637,,,,437.2,,
2379-6146,,,,1285.03,,
2057-5858,,,,828.3779999999999,826.96,
2573-0150,,,,1202.69,,
2056-3973,,,,2535.895,,
2304-3881,,,,1226.36,1467.7849999999999,1516.82
2043-8087,,,,,510.685,
2378-9506,,,,2378.87,,
1479-9731,,,,997.75,1003.94,
2042-5937,,,,409.04,,
2329-423X,,,,841.59,1756.94,
2226-4787,,,,,478.69,
2212-3717,,,,1410.0900000000001,,
1179-1373,,,,1656.79,,
2152-6567,,,,761.55,,
2515-7639,,,,2205.55,,
2350-269X,,,,1388.49,,
2324-1128,,,,1669.81,,
1918-7181,,,,466.02,,
2056-7251,,,,,1589.94,
2516-029X,,,,89.17,,
2397-8759,,,,1898.94,,
2514-1775,,,,1701.945,,
2397-7000,,,,,1930.37,
2193-8261,,,,,7683.92,
2520-8934,,,,1899.87,,
2574-0431,,,,916.43,,
2095-4719,,,,1492.0933333333332,1712.04,
1948-5441,,,,90.93,,
2509-4262,,,,,2348.7200000000003,
1758-8359,,,,2041.97,1901.4433333333334,
2578-5001,,,,2046.18,,
2573-2102,,,,2183.33,1662.91,
2053-6712,,,,400.49,,
1178-2218,,,,,748.75,
2475-1421,,,349.26,395.5,,
2212-8271,,,,2513.18,,
2096-4471,,,,1049.52,1062.0,
2373-8057,,,,,2622.87,
1756-8293,,,,594.06,,
2399-6641,,,,1557.555,1314.6950000000002,
2224-2708,,,,328.35,727.22,
2040-2066,,,,754.8,,
2059-6553,,,,1174.17,,
2057-2107,,,,,1540.755,
2523-0204,,,,733.22,,
2542-5196,,,4254.23,4700.168,4416.57,
2055-7434,,,,,3618.16,
2272-2394,,,,,477.4,
2589-5370,,,,3704.11,3112.22,
2456-981X,,,,,481.46,
2056-3418,,,,,1228.81,
2046-3820,,,,1196.74,,
2000-4214,,,,,1963.4424999999999,
2049-1891,,,,807.92,,
2572-1143,,,,,1825.9,
1043-4046,,,,1746.63,,
1689-832X,,,,,238.0,
1869-4179,,,,,259.5,
2218-1997,,,,,275.35,
2218-676X,,,,,1525.7649999999999,
2523-3548,,,,,1661.24,
1307-9298,,,,,300.0,
2223-7682,,,,,644.12,
2413-8851,,,,,680.24,
2379-5255,,,,,1740.6,
0971-3093,,,,,22.46,
1450-2267,,,,,220.7,
2456-2408,,,,70.77,,
2273-421X,,,,1770.0,,
1054-4887,,,,219.72,,
1343-4934,,,,,744.635,
2239-6268,,,,,312.0,
2036-7503,,,,,600.0,
2279-7084,,,,,250.0,
0139-570X,,,,,363.2,
2377-0619,,,,,1024.0,
2283-9216,,,,,400.0,
2589-871X,,,,,1700.0,
2239-7132,,,,,153.0,
2572-1232,,,,,974.0,
1129-8723,,,,,1000.0,
2077-2327,,,,50.0,60.7,
2234-1757,,,,1557.41,3633.96,
2164-6341,,,,,1170.58,
2468-0672,,,,,516.0,
2311-5521,,,,,821.31,
2504-4494,,,,,897.86,
0258-851X,,,,,649.95,542.7
2515-7620,,,,,1487.5,
2590-1591,,,,,2261.0,
2056-306X,,,,,911.96,
0265-6736,,,,,1695.005,2127.92
2588-3526,,,,,89.25,
1617-8106,,,,,595.0,
2589-9368,,,,,394.39,
1989-3469,,,,60.0,,
1911-8074,,,,,273.04499999999996,
1896-0596,,,,160.0,,
2665-9727,,,,,925.17,
2589-9147,,,,,1912.2633333333333,
2471-2906,,,,,1878.7,
1755-5930,,,,,1520.045,
2353-7396,,,,,1111.04,
2306-5729,,,,,971.96,
2571-9408,,,,,969.53,
0032-5791,,,,,1549.685,
2013-0953,,,,,351.05,
2590-1982,,,,,529.5333333333333,
2575-8144,,,,,1080.79,
2214-594X,,,,,1142.4,
2666-0326,,,,,,499.8
1684-5315,,,,,577.21,
1996-0794,,489.5,,,,
1682-296X,,,527.65,,,
2572-4754,,,709.07,758.838813559322,872.7362962962965,
1753-6561,,,1186.12,,,
2055-7426,,,,1602.29,,
2378-3656,,,,,1269.29,
2352-7285,,,,518.62,,
2468-0427,,,,451.14,,
0968-8080,,,,1670.14,,
1026-9185,,,,484.35,,
1756-8692,,,,881.45,,
2161-864X,,,,,529.8,
2470-1076,,,,1205.51,,
2356-7015,,,,636.62,,
2314-436X,,,,,1351.23,
2399-1623,,,,429.53499999999997,554.325,
2043-9083,,,1613.8114285714287,1613.4766666666665,,
2541-5875,,,85.14,,,
2157-7471,,,1303.19,,,
2375-4273,,487.6,,,,
2381-4683,,,1470.98,,1519.96,
2572-9578,,,670.73,,,
2160-8814,,,182.85,,,
2035-5556,,,945.68,,,
0718-9508,,,,,2660.75,
2002-2727,,,,,1150.85,
1752-8054,,,,2625.13,,
2155-9600,,,,1897.21,,
1749-5024,,,,,1362.1799999999998,
2224-5820,,,,,1570.08,
2047-9158,,,,,1942.08,
2665-9638,,,,,261.8,
2076-3387,,,,,275.07,
2225-1146,,,,,287.72,
2578-7519,,,,,1214.76,
1464-6722,,,,,1884.96,
2576-3067,,,,,,116.64
2666-6383,,,,,1080.0,
1338-4309,,,,,100.0,
2578-3270,,,,,1410.45,
2690-3202,,,,,754.67,
2333-7214,,,,,1084.34,
0753-3322,,,,,1991.04,
2325-4637,,,,,1785.0,
1338-4325,,,,,430.5,
2162-3945,,,,,1047.2,
2632-1297,,,,,1999.2,
2045-1393,,,,,1547.0,
2382-1205,,,,,710.94,
2411-5142,,,,,815.09,
2631-8377,,,,,1569.61,
2666-2485,,,,,1250.0,
2590-0374,,,,,511.7,
2306-5338,,,,,278.1,
2215-2075,,,,,997.66,
1728-869X,,,,,1024.855,
1424-862X,,,,,1190.0,
0960-9776,,,,,1880.2,
0952-0767,,,,,277.66,
1976-9148,,,,,619.74,
2090-1232,,,,,467.6,
1613-4516,,,,1000.0,,
2056-3051,,,,,237.48,
2572-2611,,,,,1584.0,
2193-8253,,,,,2380.0,
2396-8370,,,,,934.15,
2661-801X,,,,,1682.065,
2195-4194,,,,,1255.45,
2523-8930,,,,,913.92,
2227-7072,,,,,813.6,
2625-8137,,,,,341.13333333333327,
1179-0695,,,,,1529.39,
1343-943X,,,,,626.7,
2405-6316,,,,,1243.55,
2380-6761,,,,,1374.69,
2364-3722,,,,1999.2,,
2227-9059,,,,419.2,,
1313-2652,,,,621.18,,
1745-5065,,,,1513.57,1599.97,
2253-1572,,,,1882.58,,
2152-7202,,,,1316.71,,
2214-9112,,,,525.81,,
1895-1171,,,,,357.0,
2524-8987,,,,,1661.24,
2414-6366,,,,,212.815,
1740-3391,,,,,710.73,
2542-4823,,,,,1487.5,
0974-5645,,,,,211.3,
2617-1619,,,,,892.5,
2308-3425,,,,,432.26,
1757-7853,,,,,1770.72,
1479-4403,,,,,282.21,
2250-0685,,,,,281.44,
2641-4368,,,,,1223.08,
2194-878X,,,,,650.335,
2411-5150,,,,,727.22,
2590-1362,,,,,1463.7,
0736-6205,,,,,1511.81,
2193-6358,,,,,2023.0,
2079-8954,,,,,311.32,
2571-5135,,,,,311.82,
2191-950X,,,,,595.0,
2190-9385,,,,,1092.44,
2590-1508,,,,,2000.0,
1551-0018,,,,,856.39,
2212-1374,,,,,2064.0,
2673-3145,,,,,,964.46
1860-0743,,,,,,1606.5
2029-4913,,,,,1106.62,
1307-5543,,,,,453.82,
2415-0142,,,,,374.4,
2348-9812,,,,,650.505,
2146-4405,,,,,318.11,
2456-1878,,,,,113.45,
2454-1850,,,,,113.45,
2360-2554,,,,,111.9553846153846,
2344-1712,,,,,114.3,
2286-0452,,,,,114.3,
2071-8330,,,,,444.5,
2247-806X,,,,,101.6,
2304-9650,,,,,889.0,
1810-3057,,,,,738.975,
1611-1699,,,,,1524.0,
1800-5845,,,,,635.0,
1098-8394,,,,,2556.51,
1222-569X,,,,,44.45,
2218-0532,,,,,570.83,
2164-5329,,,,941.0,,
2227-9709,,,,,344.0,
2196-7156,,,,,1461.0,
0144-5987,,,,,888.34,
1335-8871,,,,,405.35,
1899-4741,,,,,354.14,
1338-984X,,,,,181.5,
2080-4075,,,,,181.5,
2391-5439,,,,,363.0,
1803-1269,,,,,475.6844444444444,
1213-2489,,,,,122.11,
1842-5135,,,,,174.24,
2299-2324,,,,,302.5,
1640-4920,,,,,468.09,
2168-9873,,,,,1837.99,
2239-0243,,,214.2,,,
2396-9814,,,,,1392.3,
2573-7732,,,,,1585.28,
2054-670X,,,,,534.2399999999999,
2524-4671,,,,,1413.72,
2517-4843,,,,,1591.86,
1804-5847,,,,,476.0,
2589-8116,,,,,1332.8,
2151-4593,,,,,393.44,
2590-3462,,,,,1844.5,
1784-5092,,,,,500.0,
2363-9822,,,,,185.4,
2278-5299,,,,,299.28,
2367-8194,,,,,502.69,
2295-8010,,,,,266.6666666666667,
2295-0451,,,,,125.0,
2331-1843,,,,,741.74,
2590-0862,,,,,2410.0,
1559-9612,,,,,877.19,
2197-4284,,,,,1055.0,
2297-105X,,275.51,,,,
2682-955X,,,,,595.0,
2165-5979,,,,,2052.75,
2227-9091,,,,,287.66,
2590-1230,,,,,440.3,
